FILTER ID,GAME ID,,
1,2015-12-02_Blackheart's Bay_BLKWZRD-Artanis-0-3;Leahy905c-Zeratul-1-4;mercy-Lt. Morales-0-4;MeViolent-The Butcher-1-7;Mompb-Li Li-1-3;peachy-Falstad-0-5;Phoenix-Thrall-0-3;Piriyah-Gazlowe-1-4;PraetorFenix-Malfurion-0-3;SpunkyGoon-Nova-1-5,3,3
2,2015-12-04_Cursed Hollow_AeonsX-Jaina-0-5;BLKWZRD-Diablo-1-5;Brokiqnz-Abathur-0-2;Ithian-Nova-0-4;mercy-Lt. Morales-1-3;monkeyman983-Lt. Morales-0-8;NeedYourJaw-Arthas-1-1;peachy-Nazeebo-1-6;Phoenix-Thrall-1-3;Raikhaos-Muradin-0-4,3,3
3,2015-12-04_Dragon Shire_Bleach-Illidan-0-13;BLKWZRD-Diablo-1-4;CANThomas-Nazeebo-0-7;DungFu-Tassadar-0-7;mercy-Lt. Morales-1-7;NeedYourJaw-Arthas-1-1;peachy-Nazeebo-1-4;Phoenix-Thrall-1-2;squirtwo-E.T.C.-0-4;Zealot87-Artanis-0-9,3,3
4,2015-12-04_Tomb of the Spider Queen_BillyOcean-Tassadar-0-2;BLKWZRD-Diablo-1-2;Faunissa-Falstad-0-0;Med-Sonya-0-4;mercy-Lt. Morales-1-3;NeedYourJaw-Arthas-1-0;peachy-Nazeebo-1-0;Phoenix-Thrall-1-3;TakTiikz-Murky-0-0;Voodoo-E.T.C.-0-2,0,0
5,2015-10-17_Battlefield of Eternity_Colarex-Kael'thas-1-0;Elsker-Rehgar-1-1;Insomnio-Sylvanas-1-1;Kjwolfx-Johanna-1-1;mercy-Uther-0-3;NightKnight-Raynor-0-4;SlackBackin-Zagara-0-3;tzitzimime-Nova-1-2;WoWninja-Lt. Morales-0-4;yOungOne-Arthas-0-10,0,0
6,2015-10-18_Battlefield of Eternity_alexslayer-Stitches-1-2;Coocoos-Tyrande-1-5;DaShiznit-Johanna-0-6;Isoterix-Lt. Morales-1-1;Kaboom-Gazlowe-1-2;Kon-Kael'thas-0-6;mercy-Uther-0-3;NightKnight-Valla-0-4;Noltown-Illidan-1-6;Temlon-The Butcher-0-5,1,1
7,2015-10-18_Battlefield of Eternity_Argyle-Chen-1-3;bearcatte-Li Li-1-1;BigOakley-Zeratul-1-1;CopyPaste-Uther-0-6;Jinx-Zagara-1-1;mercy-Rexxar-0-5;NeedYourJaw-Tyrande-0-3;NightKnight-Sonya-0-5;StacKTGaming-Rexxar-1-3;tylord-Raynor-0-8,0,0
8,2015-10-21_Battlefield of Eternity_BLKWZRD-Tassadar-0-1;Bob-Uther-1-2;dcj-Gazlowe-1-4;Elsker-Tychus-1-4;mercy-Zeratul-0-3;NightKnight-Artanis-0-2;Onearm42-Artanis-1-7;Pythagoras-Arthas-0-4;scarybears-Valla-1-5;tylord-Nazeebo-0-0,2,3
9,2015-10-22_Battlefield of Eternity_Blackfire94-Li Li-1-2;BLKWZRD-Johanna-0-5;DeadlyPants-Tyrande-1-1;mercy-Kharazim-0-3;NeedYourJaw-Jaina-0-4;NightKnight-Thrall-0-7;PandaEater-Raynor-1-2;Rhaegar-Tychus-1-3;ThePirate-Artanis-1-2;tylord-Nazeebo-0-0,0,0
10,2015-10-24_Battlefield of Eternity_Bchrist-Brightwing-1-6;BLKWZRD-Johanna-0-3;Editor-Kerrigan-1-9;Igovo-Jaina-0-3;mercy-Li Li-0-2;netgazernine-Raynor-0-3;NightKnight-Kael'thas-0-0;Saiyan-Raynor-1-2;Uncreative-Stitches-1-6;zach2093-Falstad-1-7,2,2
11,2015-10-28_Battlefield of Eternity_Decoy-Leoric-0-0;dookie-The Butcher-0-2;GoldenCurry-Leoric-1-0;Kira-Sylvanas-1-7;NeedYourJaw-Tyrande-0-0;NightKnight-Nova-0-2;SteryT-Artanis-1-7;tylord-Raynor-0-0;WalnussW-Abathur-1-1;YTY-Tassadar-1-3,0,1
12,2015-10-31_Battlefield of Eternity_Atlas-Sgt. Hammer-0-4;BLKWZRD-Jaina-1-5;Drone-Muradin-1-7;ElBandito-Leoric-0-0;Hannibal-Nazeebo-1-5;Keleth-E.T.C.-0-7;NightKnight-Tyrande-1-1;Reinigen-Tychus-0-5;Ryuujin-Kharazim-1-3;Vyrock1-Li Li-0-2,0,0
13,2015-10-31_Battlefield of Eternity_Assassinator-Abathur-1-0;euphrates-Sylvanas-0-1;Juanz-Artanis-0-8;mercy-Kharazim-1-2;NightKnight-Artanis-1-3;Ragnnarr-Kael'thas-1-1;Seliks-Kharazim-0-11;SwangNbang-Nazeebo-0-6;Tildé-Jaina-1-0;Winchester-E.T.C.-0-8,1,1
14,2015-11-01_Battlefield of Eternity_BLKWZRD-Johanna-1-1;GhostofAj-Kerrigan-0-9;mercy-Uther-1-0;NeedYourJaw-Sonya-1-1;NightKnight-Illidan-1-1;Rutger-Abathur-0-2;TehMORTALITY-Lt. Morales-0-9;Tickles90-Sylvanas-0-5;tylord-Raynor-1-0;Ultima-Diablo-0-9,2,3
15,2015-11-05_Battlefield of Eternity_AlphaOmega00-Artanis-1-10;BlindEnd-Kharazim-0-3;Bulleyes-Artanis-0-3;Guanerick-Sylvanas-1-5;Kehtilan-Malfurion-1-0;NeedYourJaw-Uther-0-5;NightKnight-Sgt. Hammer-0-1;Rahkin-Kael'thas-0-4;TimmyTheOrc-Gazlowe-1-5;Wikken-Valla-1-10,0,0
16,2015-11-09_Battlefield of Eternity_Alkander-Sylvanas-1-3;Cheshire-Tyrande-1-1;Irvine-Li Li-1-1;lllDNYlll-Azmodan-0-2;mercy-Kharazim-0-1;NeedYourJaw-Raynor-0-0;NightKnight-Tyrael-0-0;SirAlan001-Tyrael-1-6;tylord-Illidan-0-1;XornTheDfilr-Nova-1-1,1,2
17,2015-11-10_Battlefield of Eternity_BLKWZRD-Johanna-0-1;Doubledown-Sgt. Hammer-1-8;Kirtaenian-Tyrande-1-10;Lovecraft-Anub'arak-1-12;madachup-Sonya-0-1;NeedYourJaw-Li Li-0-2;NightKnight-Falstad-0-4;Steakk-Tychus-1-4;tylord-The Lost Vikings-0-0;Yossarian-Abathur-1-0,0,0
18,2015-11-11_Battlefield of Eternity_DeathK1ll-Zagara-0-3;HETIAN-Thrall-1-5;IrishInsanit-Thrall-0-5;mszhellie-Abathur-0-1;peachy-Raynor-1-8;Pysu-Tyrael-0-2;Segasmart-Nova-0-3;SlumLord-Chen-1-6;tylord-Jaina-1-5;vigorouskilr-Kerrigan-1-8,0,0
19,2015-11-12_Battlefield of Eternity_Bozkon-Lt. Morales-0-2;cesar-Artanis-0-4;Firemegaman0-Raynor-1-7;Ingavvar-Anub'arak-1-7;madachup-Sonya-1-6;netgazernine-Brightwing-1-5;peachy-Murky-1-0;phandomicer-Kharazim-0-8;REdAM-Zeratul-0-5;Vlad-Valla-0-2,1,1
20,2015-11-13_Battlefield of Eternity_BLKWZRD-Tassadar-0-6;jaysee08-Tyrande-1-0;jazzmasta25-Abathur-1-0;LeonidasIII-Chen-1-4;Megas-Kael'thas-1-8;mercy-Murky-0-0;NeedYourJaw-Leoric-0-0;netgazernine-Brightwing-0-8;peachy-Abathur-0-2;TheAyakashi-The Butcher-1-5,0,0
21,2015-11-13_Battlefield of Eternity_Burdog-Uther-1-9;Gorman-Thrall-1-3;Ketchuo-Artanis-1-3;Onionrings-Valla-1-2;peachy-Abathur-1-0;Player 1-Brightwing-0-5;Player 2-Sylvanas-0-5;Player 3-Leoric-0-0;Player 4-Kael'thas-0-5;Player 5-Gazlowe-0-4,1,1
22,2015-11-14_Battlefield of Eternity_Broseph-Lt. Morales-0-4;Chokolove-Kharazim-0-8;Drocker-Leoric-1-0;HunterB0I369-Valla-1-6;NeedYourJaw-Raynor-0-1;Passo-Murky-0-0;peachy-Abathur-0-1;shogan-Sonya-1-6;TKO-Murky-1-0;xveemon22d-Tassadar-1-5,1,1
23,2015-11-14_Battlefield of Eternity_fishN-Chen-1-5;Jim-Malfurion-1-4;loctar-Tychus-1-7;peachy-Jaina-1-2;PorLaHorda-Anub'arak-1-9;Ramzaa-Sonya-0-1;Redeel-Kharazim-0-0;Runhearn-Muradin-0-2;zealis-Illidan-0-2;ZeddDee-Tyrande-0-0,0,0
24,2015-11-15_Battlefield of Eternity_FalloutMule-Zagara-1-5;Fillbach-The Butcher-1-7;GoatHeadSoup-Kharazim-0-7;Lubacca-Kerrigan-0-8;peachy-Muradin-0-7;Secris-Nazeebo-0-0;Skulltoes-Zeratul-0-13;spa00-Tychus-1-4;Tag-Artanis-1-8;yforever-Uther-1-6,0,0
25,2015-11-15_Battlefield of Eternity_ArcTri-Uther-0-2;Billd-Leoric-0-0;CPTValencia-Murky-1-0;HushHush-Kael'thas-0-6;Ler-Falstad-1-0;mercy-Lt. Morales-1-0;peachy-Muradin-1-1;Ramserran-Gazlowe-0-1;Sodpod-Raynor-1-0;Wosret-Zagara-0-7,2,2
26,2015-11-15_Battlefield of Eternity_aldebaran-Leoric-0-0;BalkyD-Sylvanas-0-3;BLKWZRD-Johanna-1-5;Fattysmasher-Raynor-0-9;Govk-Kael'thas-1-7;LAMARASH-The Butcher-1-6;Nikto-Li Li-0-5;peachy-Tyrande-1-3;RedCell-Sonya-0-3;Synergy-Zagara-1-6,0,0
27,2015-11-16_Battlefield of Eternity_BLKWZRD-Johanna-0-7;Craxus-Lt. Morales-1-4;kazor-Sylvanas-1-5;Mcgilikuty-Diablo-0-7;NVD-Raynor-0-4;peachy-Azmodan-0-5;PopCornTvs-Chen-1-6;Razielsic-Illidan-1-7;Rowac-Tassadar-0-3;Tacitus-Gazlowe-1-1,2,2
28,2015-11-17_Battlefield of Eternity_Blaajo-Uther-1-4;Easytouch-Stitches-0-2;ICesarI-Sylvanas-1-3;jandresav-Tassadar-1-4;Navike-Tassadar-0-4;Neizzle-Arthas-1-2;netgazernine-Brightwing-0-2;peachy-Murky-0-0;Quintavius-Falstad-0-3;smozoma-Thrall-1-3,0,0
29,2015-11-18_Battlefield of Eternity_NeedYourJaw-Gall-0-1;peachy-Cho-0-1;Player 10-Nova-1-3;Player 3-Sylvanas-0-1;Player 4-Uther-0-3;Player 5-Nazeebo-0-2;Player 6-Uther-1-4;Player 7-Leoric-1-0;Player 8-Falstad-1-4;Player 9-Sylvanas-1-4,1,1
30,2015-11-19_Battlefield of Eternity_BLKWZRD-E.T.C.-1-2;IcyMike-Cho-0-6;Jerson-Lt. Morales-0-2;mercy-Brightwing-1-3;NeedYourJaw-Falstad-1-2;peachy-Abathur-1-0;Roadblock-Kael'thas-0-4;tylord-The Lost Vikings-1-0;Voide-Gall-0-6;XxLordxX-The Butcher-0-4,3,4
31,2015-11-21_Battlefield of Eternity_dude-Valla-1-2;Eamkid-Nazeebo-1-1;Khross-Artanis-0-0;MintBerry-Leoric-1-0;Moose-Lt. Morales-1-3;peachy-Zeratul-0-5;Science-The Butcher-1-7;tylord-Li Li-0-2;whoely-Tassadar-0-3;ZosZos-Sonya-0-5,0,0
32,2015-11-22_Battlefield of Eternity_airbender-Sylvanas-0-3;BigBrownToe-Muradin-1-3;BLKWZRD-Leoric-0-0;BrikBrainz-The Butcher-1-6;jessienorth-E.T.C.-1-4;mercy-Zagara-0-1;Nelly-Zagara-1-6;peachy-Valla-0-1;Red-Tychus-1-4;UnwarryBoss-Johanna-0-5,3,3
33,2015-11-24_Battlefield of Eternity_BLKWZRD-Muradin-0-7;Cody-Valla-1-1;Folgan-Tychus-1-1;GoldDeagle1-Rehgar-1-2;hellthunder-Malfurion-1-1;NeedYourJaw-Kharazim-0-6;peachy-Rexxar-0-2;Raeleria-Malfurion-0-0;TekDriveDesk-Diablo-1-0;tylord-Raynor-0-3,0,0
34,2015-11-25_Battlefield of Eternity_blazedog-Tyrande-0-7;BLKWZRD-Muradin-1-1;canutoelric-Kharazim-1-3;McLovin-Nazeebo-0-2;Nagash-Jaina-1-1;peachy-Li Li-1-0;somesing-Zagara-0-6;Tribal-Tychus-0-8;Vanmidou-Diablo-1-3;xxXpieXxx-Brightwing-0-1,2,2
35,2015-11-27_Battlefield of Eternity_Bammer-Valla-1-6;Izmir-Gall-1-5;Mederias-Cho-1-5;mercy-Jaina-1-0;Narah-Tyrande-0-4;nestea123-Illidan-0-10;Palomera-Artanis-0-6;peachy-Li Li-1-0;SpeedCuber-Zagara-0-5;YugoFg-Tychus-0-6,2,2
36,2015-11-27_Battlefield of Eternity_CaptnPowley-Abathur-0-2;Dabcrab-Raynor-0-2;GigaRob-Kharazim-1-3;Meist-Murky-1-0;mercy-Kharazim-0-1;oletheos-Kerrigan-1-8;peachy-Valla-0-3;SoRKeN-Valla-1-3;supersimon-Raynor-1-3;TheArcanist-Murky-0-0,0,0
37,2015-11-27_Battlefield of Eternity_BLKWZRD-Muradin-0-1;Frost-Artanis-1-7;Kiroj-Valla-1-9;mercy-Kharazim-0-1;peachy-The Butcher-0-4;pinetree-Kharazim-1-9;Snowman-Nazeebo-1-9;tylord-Falstad-0-0;Whzgud-Nazeebo-0-2;Xolius-Abathur-1-2,3,4
38,2015-11-27_Battlefield of Eternity_Atomic-Tyrael-1-2;BLKWZRD-Muradin-0-1;Doctet-Valla-1-1;EchoXSierra-Uther-1-1;Keeper12-Johanna-1-3;mercy-Lt. Morales-0-4;peachy-The Butcher-0-3;Phoenix-Raynor-0-0;RickyDavis-Kael'thas-1-3;tylord-Falstad-0-4,3,4
39,2015-11-29_Battlefield of Eternity_BLKWZRD-Chen-1-2;FistOfGoD-Sylvanas-0-2;Frank-Anub'arak-0-1;JherowHell-Thrall-0-1;mercy-Lt. Morales-1-1;NestorLeza-Lt. Morales-0-4;peachy-Leoric-1-0;Phoenix-Jaina-1-2;tomahawk-Falstad-0-0;tylord-Raynor-1-2,0,0
40,2015-11-30_Battlefield of Eternity_BLKWZRD-Jaina-0-7;Display-Muradin-1-0;HOLOFERNES-Nazeebo-1-1;Hoodyhoo-Artanis-0-7;mercy-Malfurion-0-2;Nefarian-Brightwing-1-2;peachy-Tassadar-0-2;Ragnaros-Kael'thas-1-4;TheWetWorks-The Butcher-1-5;tylord-Muradin-0-5,0,0
41,2015-10-18_Blackheart's Bay_Briankun-Sylvanas-1-4;Degrin-Diablo-1-3;FINJITSU-Illidan-0-6;FreeLancer-Nova-1-4;Kadaiyen-Jaina-0-6;NightKnight-Leoric-0-0;SevenSamurai-Li Li-1-5;thejoker2341-Uther-0-3;tylord-Raynor-0-8;WLangley-Sonya-1-5,0,0
42,2015-10-18_Blackheart's Bay_BrainySmurf-Tassadar-0-3;DoctorSmurf-Kerrigan-0-9;KennyPowers-Tychus-0-7;mercy-Jaina-1-3;NeedYourJaw-Li Li-1-3;NightKnight-E.T.C.-1-3;PapaSmurf-Muradin-0-5;SportySmurf-Illidan-0-8;tylord-Kael'thas-1-5;xStellis-Abathur-1-2,0,0
43,2015-10-20_Blackheart's Bay_FOXTROT-Kharazim-1-4;grimjeans-Rexxar-0-4;mercy-Li Li-0-5;netgazernine-Sgt. Hammer-0-3;NightKnight-E.T.C.-0-4;Rizzery-Sylvanas-1-1;sephiroth-Zagara-1-3;SwagMonsters-Zeratul-1-8;tylord-Kael'thas-0-10;zodangles-Muradin-1-4,0,0
44,2015-10-22_Blackheart's Bay_Belaruss-Kael'thas-0-3;BLKWZRD-Johanna-0-2;Darklash-Tychus-1-1;EuBot-Brightwing-1-0;Markos-Valla-1-5;NightKnight-Sylvanas-0-2;RichiC630-Li Li-0-4;Shakal-Gazlowe-1-5;Shlewdagle-The Butcher-0-3;ValgasStrife-Tyrael-1-3,1,1
45,2015-10-22_Blackheart's Bay_BLKWZRD-Tyrande-0-0;Janox39-Sgt. Hammer-1-4;JaquenHgar-Zagara-1-6;mercy-Lt. Morales-0-0;NeedYourJaw-Sonya-0-2;NightKnight-Artanis-0-0;Prelado-Artanis-1-7;TenezedBTA-Tassadar-1-6;tylord-Tychus-0-1;zeo-Tychus-1-6,2,3
46,2015-10-31_Blackheart's Bay_BLKWZRD-Illidan-0-4;BruceWayne-Artanis-1-1;Cenadin-Kerrigan-1-6;docmacgregor-Sylvanas-0-8;HAREMLOVER-Thrall-1-3;mercy-Artanis-0-4;mezron-Kael'thas-1-8;NightKnight-Abathur-0-0;Rioku-Tychus-0-6;RuggerWeaver-Raynor-1-6,0,0
47,2015-10-31_Blackheart's Bay_Air-Kerrigan-0-0;Andremal-Johanna-0-0;BLKWZRD-Tyrande-1-1;ELEDIUM-Zeratul-0-1;Leech-Li Li-0-1;madachup-Sonya-1-7;mercy-Artanis-1-5;NightKnight-Jaina-1-6;WantAPie-Falstad-0-0;zach-Abathur-1-1,0,0
48,2015-11-01_Blackheart's Bay_Battlefront-Sylvanas-1-5;Chaa-Li Li-0-0;DamnNoHTML-Jaina-1-6;DavisLuther-Murky-1-0;mercy-Zagara-0-0;NightKnight-Nova-0-2;Recklessdvo-Tyrande-1-7;tcd112-Lt. Morales-1-5;tylord-E.T.C.-0-0;wawaron-Illidan-0-0,1,2
49,2015-11-10_Blackheart's Bay_BLKWZRD-Johanna-0-2;creamyj-Li Li-1-1;Hannibal-Raynor-1-0;LadyRonin-Nova-1-2;madachup-Sonya-0-5;NeedYourJaw-Li Li-0-2;NightKnight-Falstad-0-7;Ronin0089-Johanna-1-0;Tantrum-Artanis-1-2;tylord-The Lost Vikings-0-0,0,0
50,2015-11-11_Blackheart's Bay_AvaLord-Lt. Morales-1-3;DrWoolyNiple-Nova-0-5;Indria-Abathur-0-1;peachy-Valla-1-2;Praetor-Artanis-1-2;TwilitSoul-Artanis-0-6;tylord-Jaina-1-0;WarAwarcraft-Lt. Morales-0-5;yobo-Rehgar-1-1;zagreus-Sylvanas-0-2,1,2
51,2015-11-11_Blackheart's Bay_CarlosDVA-Nazeebo-0-4;CHANGaLISHIS-Uther-1-7;ChangBang-Thrall-1-6;JaCkieChAnG-Nazeebo-1-5;mercy-Malfurion-0-1;Miruchi-Tyrande-1-6;peachy-Falstad-0-3;tylord-Raynor-0-3;Unai-Gazlowe-0-3;VegasMC-Tyrael-1-3,2,3
52,2015-11-12_Blackheart's Bay_BLKWZRD-Tyrael-0-1;Goga-Kael'thas-1-1;Khar-Johanna-1-1;madachup-Sonya-0-4;Michael-Li Li-1-1;Mistik94-Murky-1-0;netgazernine-Murky-0-0;peachy-Li Li-0-3;speedro1225-Jaina-1-1;tylord-Raynor-0-3,0,0
53,2015-11-13_Blackheart's Bay_Arvore-Malfurion-0-4;Frijoldepiso-Tyrael-0-3;LinkHammer-Nova-1-7;Lordo-Tychus-0-6;LuMiNeX-Murky-1-0;peachy-Abathur-1-2;Phaetom-Sylvanas-0-4;Phereza-Thrall-1-3;TikaL-Lt. Morales-0-4;TipsyJoker-Li Li-1-4,1,1
54,2015-11-13_Blackheart's Bay_bouncer7697-Jaina-1-8;Curivity-Sgt. Hammer-0-5;DaHammer-Thrall-1-8;DickBeard-Muradin-0-5;mazingerzeto-Artanis-0-10;peachy-Abathur-0-4;Proximos-Artanis-1-5;Rim-Murky-1-0;Superstar-Nova-0-2;TheGerman8or-Sgt. Hammer-1-10,1,1
55,2015-11-15_Blackheart's Bay_Ashrack-Li Li-0-3;bakwardhat-Sylvanas-0-3;Gattchan-Stitches-1-0;Kaco-Gazlowe-1-2;mootz-Muradin-0-3;Oppie-Kael'thas-0-7;peachy-Falstad-1-2;Stalken-Jaina-0-2;TwoChainz-Artanis-1-2;Wreck-Malfurion-1-2,1,1
56,2015-11-15_Blackheart's Bay_Behemot-Muradin-1-3;BLKWZRD-Muradin-0-1;Davis-Lt. Morales-1-3;HellCraft-Tyrael-1-2;Inspire-Artanis-0-1;Jaewrek-Lt. Morales-0-1;Lycan-Sgt. Hammer-1-3;mercy-Tyrande-0-2;peachy-Abathur-0-0;TehWarlock-The Butcher-1-9,3,3
57,2015-11-16_Blackheart's Bay_BLKWZRD-Muradin-1-2;FamousThomas-Raynor-0-2;Garzek-Kharazim-0-0;Lieonme-Jaina-0-3;mercy-Tyrande-1-2;NeedYourJaw-Sylvanas-1-1;nismoZ-Artanis-0-1;peachy-Illidan-1-3;Salvomojo-Sylvanas-0-1;Tony-Lt. Morales-1-4,0,0
58,2015-11-17_Blackheart's Bay_Burnout-Abathur-1-0;DarthVaper-Valla-1-4;Echo-Kerrigan-0-2;Htown-Tychus-1-5;mercy-Kharazim-0-0;MrPhyst-Lt. Morales-1-4;netgazernine-Valla-0-0;peachy-Illidan-0-2;psychic-Li Li-1-2;tylord-Jaina-0-0,2,3
59,2015-11-18_Blackheart's Bay_azgarol-The Butcher-0-6;Cosmologico-Valla-1-9;Czarnec-Malfurion-1-5;HeavyWeapons-Artanis-1-3;mercy-Cho-0-5;nIrVaSh-Zagara-0-2;Nolan-Cho-1-5;peachy-Kharazim-0-4;tylord-Gall-0-5;Witsaw-Gall-1-5,0,0
60,2015-11-19_Blackheart's Bay_BLKWZRD-Kharazim-1-2;Bronson-Rehgar-0-0;FrostyFeet-Gall-0-0;GOBSUPREME-Cho-0-0;Jack-Tassadar-0-1;JustinYoung-Gall-1-4;m0r0c0t0p0-Johanna-0-0;NeedYourJaw-Falstad-1-2;peachy-Tyrael-1-3;Shanks-Cho-1-4,0,0
61,2015-11-19_Blackheart's Bay_BeastMode-Valla-1-2;BLKWZRD-E.T.C.-0-1;mercy-Brightwing-0-2;NeedYourJaw-Falstad-0-2;peachy-Abathur-0-1;Piratarobert-Sylvanas-1-3;Purplebrick-Cho-1-3;Sniper-Rehgar-1-4;Sybylum-Gall-1-3;tylord-The Lost Vikings-0-0,3,4
62,2015-11-21_Blackheart's Bay_Bentham-Thrall-0-3;ErictheOrang-Artanis-0-3;Hearthvader-Sonya-0-5;Jaydankest-Gall-1-5;Luky-Zagara-0-5;Oculophilia-Tyrande-0-2;peachy-Zeratul-1-5;Tbagins-Cho-1-5;tylord-Li Li-1-3;WuMassacre-Muradin-1-1,0,0
63,2015-12-02_Blackheart's Bay_Ambrosa-Abathur-0-0;Drazen-Valla-0-7;FloatingRam-Anub'arak-1-4;Gamzee420-Nova-1-8;peachy-Zagara-1-5;Phoenix-Thrall-1-5;TheAwersome-Nova-0-3;tylord-Jaina-1-6;Void-Artanis-0-6;Xeorn83-Diablo-0-2,0,0
64,2015-10-15_Cursed Hollow_NightKnight-Sonya-0-1;Player 10-Tychus-1-3;Player 2-Raynor-0-0;Player 3-Lt. Morales-0-1;Player 4-Nazeebo-0-1;Player 5-Chen-0-0;Player 6-Malfurion-1-5;Player 7-Kerrigan-1-4;Player 8-Diablo-1-5;Player 9-Li Li-1-5,0,0
65,2015-10-15_Cursed Hollow_aryuz19-Nova-0-6;BLKWZRD-E.T.C.-1-5;Greedark-Falstad-0-4;IronTusk05-Stitches-0-5;mercy-Kharazim-1-2;NeedYourJaw-Tyrande-1-7;netgazernine-Sgt. Hammer-1-2;NightKnight-Diablo-1-8;Pansser-Zagara-0-0;seredge-Kharazim-0-3,0,0
66,2015-10-17_Cursed Hollow_ArmyOfOne-Nazeebo-1-2;Efraim-Sonya-0-8;Hezecaiah-Tyrael-1-4;Húrin-Jaina-0-8;mercy-Uther-1-1;NightKnight-Leoric-1-0;NoelSanaka-Malfurion-0-4;RizingEffect-Nova-0-6;Slickhurrica-Gazlowe-0-6;TheGrizLee-Raynor-1-4,1,1
67,2015-10-18_Cursed Hollow_ElricDSharp-Sylvanas-1-2;Heisenberg-Tyrande-0-4;mercy-Uther-1-0;NachoLuke-Muradin-1-2;NightKnight-Nova-1-0;RainBowBitch-Sgt. Hammer-0-8;Ruin-Tyrael-0-8;ThunderSurge-Falstad-1-4;Tuazdog-Kharazim-0-6;unkleRukus-The Butcher-0-8,1,1
68,2015-10-21_Cursed Hollow_BiniBaby-Kharazim-0-2;BLKWZRD-Tassadar-1-2;guin-Valla-0-2;jacoby-Murky-0-0;Michael-Stitches-1-4;NightKnight-Artanis-1-5;Ruku-Brightwing-1-6;Senethro-Artanis-0-2;tylord-Zeratul-1-4;x4ytm3p-Tassadar-0-2,0,0
69,2015-10-21_Cursed Hollow_Amnioticsac-Raynor-0-6;BLKWZRD-Johanna-1-3;Doty-Artanis-0-9;jiandandian-Arthas-0-7;mercy-Jaina-1-2;NightKnight-Artanis-1-3;Timbojames-Murky-0-0;Tuxedomoon-Brightwing-0-2;tylord-Li Li-1-3;Zakalwe-Uther-1-3,2,3
70,2015-10-24_Cursed Hollow_BLKWZRD-Johanna-0-1;deadlydruid-Sgt. Hammer-1-6;DeGei-Nazeebo-1-6;Firekkl-Sylvanas-1-3;Igovo-Uther-0-0;LyraLaPirate-Gazlowe-1-4;Mathilda-Zagara-1-11;mercy-Jaina-0-3;netgazernine-Sgt. Hammer-0-1;NightKnight-Kael'thas-0-1,2,2
71,2015-10-28_Cursed Hollow_Akira-Chen-1-4;Amphibagoat-Artanis-1-7;Charlimurphy-Sonya-1-8;Cheeseman-Sonya-0-6;Eric-Illidan-0-11;GeneralDain-Sylvanas-1-5;Miltonious-Rexxar-0-7;NightKnight-Falstad-0-8;SisterOmega-Sgt. Hammer-1-5;tylord-Raynor-0-10,0,0
72,2015-10-31_Cursed Hollow_BLKWZRD-Tyrande-1-5;Blunt420-The Lost Vikings-1-0;Bradley-Sylvanas-0-3;BrotherDeath-Gazlowe-0-2;jslos-Raynor-0-3;Magiray-Stitches-1-9;mercy-Rexxar-1-4;NightKnight-Jaina-1-3;PorkPiggler-Muradin-0-1;Whitedevil33-Kharazim-0-1,0,0
73,2015-10-31_Cursed Hollow_Fuss-Lt. Morales-1-4;GrapeApe-Kerrigan-0-6;Jonahmc-Nazeebo-0-1;mercy-Kharazim-1-4;NightKnight-Artanis-1-3;Psyris-Tyrande-0-1;Sole-Brightwing-0-1;Tazmaa-Raynor-0-2;Wamphyri-Valla-1-5;zada8566-The Lost Vikings-1-0,0,0
74,2015-11-01_Cursed Hollow_BLKWZRD-Johanna-0-5;Danisimo-E.T.C.-1-1;GatorTail-Uther-1-3;Gutts-Nova-1-3;mercy-Uther-0-5;NeedYourJaw-Sonya-0-9;NightKnight-Illidan-0-6;Scraggler-Artanis-1-4;SkyCreed-Valla-1-4;tylord-Raynor-0-4,0,0
75,2015-11-02_Cursed Hollow_BLKWZRD-Johanna-0-6;mercy-Uther-0-4;NeedYourJaw-Jaina-0-5;Nerylix-Malfurion-1-1;NightKnight-Nova-0-4;pstanger-Raynor-1-0;Shamoosh-E.T.C.-1-0;tensaii-Kael'thas-1-1;TheDelegator-Leoric-1-0;tylord-The Lost Vikings-0-0,0,0
76,2015-11-02_Cursed Hollow_Bholmes72-Rehgar-1-4;BlueSwede-Jaina-0-3;Brainfart-Valla-0-1;DarkKnight-Arthas-0-1;inno17-Illidan-1-8;Kazasu-Kharazim-0-3;NeedYourJaw-Raynor-1-4;NeoPieMaster-Artanis-0-1;NightKnight-Zeratul-1-3;rdvark-Stitches-1-7,0,0
77,2015-11-05_Cursed Hollow_Achilles-Muradin-0-1;Apollo83-Lt. Morales-0-9;DesertFox-Illidan-0-2;EZPZ-Tyrande-1-10;jarob326-Arthas-1-8;LdNklBottoms-Zeratul-1-8;Maestro-Azmodan-1-11;NeedYourJaw-Tychus-0-6;NightKnight-Abathur-0-1;TachisAlopex-Muradin-1-9,0,0
78,2015-11-09_Cursed Hollow_Ailcear-Tyrande-0-2;Aqua-Abathur-1-1;DementedShoe-Tychus-1-6;Dirtdevil92-Sonya-1-7;KyunGK-Tassadar-1-1;mercy-Kharazim-0-0;NeedYourJaw-Raynor-0-1;NightKnight-Tyrael-0-1;Pestilence96-Tyrande-1-4;tylord-Illidan-0-2,1,2
79,2015-11-10_Cursed Hollow_BLKWZRD-Tyrael-0-0;CMak-Diablo-1-7;Eator-Abathur-1-1;madachup-Raynor-0-1;mercy-Kharazim-0-0;NightKnight-Sylvanas-0-1;Obsidian1919-Illidan-1-9;phys1cs-Azmodan-1-8;tylord-Illidan-0-0;wolfgang-Lt. Morales-1-7,2,3
80,2015-11-13_Cursed Hollow_cronicslayer-Valla-1-2;EnderW-Nova-0-5;Healbilly-Thrall-0-3;KingString-Diablo-1-0;Klassic-Lt. Morales-1-0;peachy-Abathur-0-1;Ryanr0xx0rs-Sgt. Hammer-1-1;Sovietrage-Zagara-1-0;theMARKK-Lt. Morales-0-2;Umlaut-Brightwing-0-3,0,0
81,2015-11-14_Cursed Hollow_Anica-Tyrael-1-6;FaceOfDeatH-Nova-1-1;Fraublucha-Anub'arak-0-8;McLuvin-Nazeebo-1-4;NeedYourJaw-Jaina-0-8;Otar-Abathur-1-1;peachy-Abathur-0-2;QuickTortuga-Artanis-0-13;SwangNbang-Falstad-0-9;TeslaKronos-Stitches-1-3,0,0
82,2015-11-14_Cursed Hollow_AntarusEcu-Nazeebo-1-1;asreva-Jaina-0-7;Dash-Artanis-1-3;lecroket-Muradin-1-3;mercy-Tyrael-0-6;NeedYourJaw-Valla-0-6;peachy-Abathur-0-1;Toshi-Raynor-1-5;Velkro-Sylvanas-1-1;Waltzsolfa-Kael'thas-0-6,0,0
83,2015-11-15_Cursed Hollow_BaronZemo-Nazeebo-0-3;BLKWZRD-Tyrael-1-8;Bnetplayer-Malfurion-0-1;ForTheHorde-Falstad-1-8;KrustyBallz-The Butcher-0-6;mercy-Kharazim-1-2;peachy-Abathur-1-1;Roxas-Li Li-0-0;testKOguy-Lt. Morales-1-10;UNIT01-Nova-0-2,0,0
84,2015-11-16_Cursed Hollow_BLKWZRD-Muradin-1-2;Cuperous-Sgt. Hammer-0-2;JonBeGood-Thrall-0-7;mercy-Uther-1-2;peachy-Falstad-1-5;radamanthys-Tyrael-0-9;SerenityNow-Sgt. Hammer-1-1;TastyMeaty-Thrall-1-4;YiroX-Kharazim-0-8;Zeus-Nova-0-5,3,3
85,2015-11-16_Cursed Hollow_Bacon-Lt. Morales-1-8;BeerSloT-Muradin-1-5;BLKWZRD-Johanna-0-3;Chandus-Stitches-1-6;HarvesterUT-Nazeebo-1-5;jorch1552-Tyrael-0-8;mercy-Lt. Morales-0-4;onekilwalter-Thrall-1-4;peachy-Azmodan-0-4;TheNecrotic-Illidan-0-10,3,3
86,2015-11-16_Cursed Hollow_Arcanis-Kael'thas-1-4;BlueBone-Murky-0-0;Dalkan-Muradin-1-6;ElChupacabra-Johanna-0-0;Frank-Azmodan-1-4;GigglePuss-Abathur-0-0;Nightmare-Tyrande-0-2;peachy-Tyrael-1-5;Shockswift-Lt. Morales-1-6;WildCards-Raynor-0-5,0,0
87,2015-11-18_Cursed Hollow_Edd-Cho-1-4;Feste-Tassadar-0-1;FranknFerret-Cho-0-1;Horde4life-Sgt. Hammer-1-5;Mazoler-Gall-0-1;peachy-Kharazim-1-6;photonrain07-Malfurion-0-0;Saphiel-Stitches-0-5;Smash89-Gall-1-4;xThepropheTx-Abathur-1-0,0,0
88,2015-11-18_Cursed Hollow_Aliggan-Cho-1-2;fangorias-Malfurion-0-4;FATE23-Valla-0-3;freelancer-The Butcher-0-7;Meatball-Artanis-0-4;peachy-Rehgar-1-0;PUN1SHER08-Nazeebo-0-5;Ryu-Illidan-1-8;Seblue-Gall-1-2;ShackGun-Sylvanas-1-6,0,0
89,2015-11-19_Cursed Hollow_BLKWZRD-Kharazim-1-1;Claymore-The Butcher-0-7;Indoorsman-Cho-0-4;NeedYourJaw-Falstad-1-3;Northus-Gall-0-4;ÑUll-Sgt. Hammer-1-5;peachy-Tyrael-1-2;Schopp-Kael'thas-0-1;tylord-Raynor-1-4;Varsic-Lt. Morales-0-4,2,3
90,2015-11-19_Cursed Hollow_BLKWZRD-E.T.C.-0-2;DrStickels-Artanis-1-3;mellysauce-Li Li-1-3;mercy-Brightwing-0-1;NeedYourJaw-Falstad-0-2;peachy-Abathur-0-0;Septimius-Gall-1-3;Seviry-Cho-1-3;tylord-The Lost Vikings-0-0;Vekja-Sylvanas-1-7,3,4
91,2015-11-20_Cursed Hollow_Chavelo1931-Diablo-0-6;Desperado-Tyrande-1-0;DrThunder-Sonya-0-5;HotBox-Thrall-1-0;lollolpoke-Kael'thas-1-1;MavisBeacon-Malfurion-0-3;peachy-Sylvanas-0-7;Raijin-Zeratul-1-3;Space-Falstad-0-8;Vulder-Artanis-1-0,0,0
92,2015-11-23_Cursed Hollow_BLKWZRD-Kharazim-1-6;Chewychomp-Jaina-0-0;Dutch-Tassadar-0-0;FaRo-Valla-0-2;Fats-Cho-1-4;Gnardo-Gall-1-4;jhonsnout-Malfurion-0-3;mercy-Zagara-1-3;peachy-Sgt. Hammer-1-4;Robo-Stitches-0-0,0,0
93,2015-11-25_Cursed Hollow_Adlai-Nova-1-3;afrotoaster7-Murky-0-0;Apollo-Gall-1-4;BLKWZRD-Muradin-0-3;Foetus3-Li Li-1-4;Kaninchen-Kharazim-0-2;Knani-Artanis-1-5;peachy-Li Li-0-1;tylord-Valla-0-4;Týr-Cho-1-4,2,3
94,2015-11-27_Cursed Hollow_Alcatraz1864-Raynor-1-5;Eaglerulez-Gall-1-3;Ghamir-Nova-0-6;Hifto-Kharazim-1-2;mercy-Kharazim-0-6;MrTonberry-Muradin-1-2;peachy-Murky-0-0;SAJINEGUI-Artanis-0-8;SKEYES-Jaina-0-8;Zimmonda-Cho-1-3,0,0
95,2015-11-27_Cursed Hollow_BLKWZRD-E.T.C.-0-2;Draa-Valla-1-3;GeeFry-Rexxar-0-6;guanO-Cho-1-6;JCDesktop-Li Li-1-2;Kelsiferous-Gall-1-6;mercy-Lt. Morales-0-1;peachy-The Butcher-0-3;TheVoid-Nova-1-4;tylord-Muradin-0-1,3,4
96,2015-11-27_Cursed Hollow_Athadam-Valla-0-4;BLKWZRD-Muradin-1-1;howardtang-Murky-0-0;Kineral-Falstad-0-7;Meethos-Sylvanas-1-4;mercy-Kharazim-1-1;omakase-Li Li-0-7;peachy-Falstad-1-5;tylord-The Butcher-1-3;whygeebaby-Artanis-0-9,3,4
97,2015-11-27_Cursed Hollow_BLKWZRD-Muradin-0-2;Clues-Tychus-1-3;Curian-Nova-1-3;Kregchrist-Leoric-1-0;mercy-Kharazim-0-1;peachy-The Butcher-0-6;TetsuHyde-Nazeebo-0-2;tylord-Falstad-0-4;Vasoline-Chen-1-3;Winnersville-Kharazim-1-3,3,4
98,2015-11-28_Cursed Hollow_BLKWZRD-Muradin-0-1;Brownieboy-Kharazim-1-5;FLipSiDe-Valla-1-2;mercy-Lt. Morales-0-3;Netundiel-Nova-1-6;peachy-The Butcher-0-4;Phoenix-Raynor-0-4;Sliptharp841-Artanis-1-5;tylord-Falstad-0-5;zemenar-Arthas-1-7,3,4
99,2015-11-28_Cursed Hollow_Anthem-Sonya-0-5;Blacknight-E.T.C.-1-2;BLKWZRD-Zeratul-1-3;Decoy-Abathur-0-0;dookie-Malfurion-0-7;mercy-Malfurion-1-0;peachy-Diablo-1-2;RebeccaMae83-Sylvanas-1-2;Tallanvor-Tassadar-0-4;TheDon-Muradin-0-5,3,3
100,2015-11-28_Cursed Hollow_BLKWZRD-Muradin-0-3;Fishy-Malfurion-1-1;gtox-Murky-0-0;h0psk0tch-Falstad-1-1;IceMan-Chen-1-2;Max1m0-Thrall-1-1;mercy-Malfurion-0-3;peachy-Anub'arak-0-6;Phoenix-Jaina-0-5;W4lly-Artanis-1-3,0,0
101,2015-11-29_Cursed Hollow_EmWhyKay-Sgt. Hammer-1-9;HeadKase-Murky-0-0;Jimeux-Stitches-0-3;Legion-Kael'thas-1-9;MadMartigan-Nova-0-3;mercy-Cho-1-6;Nado-Falstad-0-4;peachy-Tychus-1-9;Ryzix-Abathur-0-1;tylord-Gall-1-6,0,0
102,2015-11-30_Cursed Hollow_BigScaryDuck-Cho-1-5;BLKWZRD-Muradin-0-0;dakdak-Anub'arak-0-0;Karsa-Azmodan-1-3;mercy-Lt. Morales-0-1;Orezbus-Nova-1-5;peachy-Falstad-0-1;Tatski-Gall-1-5;tylord-The Butcher-0-2;ViolentGreen-Uther-1-4,3,4
103,2015-12-02_Cursed Hollow_Abathur-Abathur-0-2;BLKWZRD-Artanis-1-3;DrThunder-Azmodan-0-6;peachy-Zagara-1-3;ShinyPants-Gall-1-3;Solo-Cho-1-3;Spasmapro-Illidan-0-7;tylord-Jaina-1-4;yeloexorcist-Raynor-0-0;ZeCanadian-Anub'arak-0-3,0,0
104,2015-10-08_Dragon Shire_Fartbarter-Stitches-0-3;Itookurjerb-Rexxar-0-3;Loco-Lt. Morales-0-0;mercy-Uther-1-2;NeedYourJaw-Leoric-1-0;netgazernine-Raynor-1-6;NightKnight-Kael'thas-1-3;Rostafer-Falstad-0-5;ShiftyFish-Tyrande-0-4;tylord-Nazeebo-1-4,0,0
105,2015-10-21_Dragon Shire_AgPete139-The Lost Vikings-0-0;Atwa-Jaina-0-2;BLKWZRD-Tassadar-1-4;Cylver-Tyrande-0-2;MadMax-Kael'thas-1-6;MadPanda-Zeratul-0-3;NightKnight-Artanis-1-9;StinkyBreath-Abathur-1-2;tylord-Raynor-1-7;Zolias-Stitches-0-2,0,0
106,2015-10-21_Dragon Shire_BLKWZRD-Johanna-0-1;DreadWalker-Rexxar-1-3;JohnyEvilGuy-Gazlowe-0-3;KujoGrym-Raynor-1-6;Malefix2929-Malfurion-1-7;mercy-Jaina-0-1;MiguelNacer-Artanis-1-10;NightKnight-Artanis-0-3;Shoo-Zeratul-1-3;tylord-Li Li-0-2,2,3
107,2015-10-24_Dragon Shire_BLKWZRD-Rexxar-0-1;CastleBravo-Leoric-0-0;Cloister-E.T.C.-1-1;Machuvius-Uther-1-1;netgazernine-Brightwing-0-0;NightKnight-Artanis-0-2;NolaJudoka-Sonya-1-4;tirseyjones-Raynor-1-6;Tuliman-Valla-1-3;tylord-Tychus-0-2,1,2
108,2015-10-24_Dragon Shire_BLKWZRD-Zagara-0-4;Constance-Arthas-1-4;Gnuts-Li Li-1-0;Grarrg-Sonya-1-4;hamfist-Gazlowe-1-2;Mema-Valla-1-1;NightKnight-Artanis-0-6;Shnoozle-Sonya-0-8;SpaceCop2-Muradin-0-5;tylord-Li Li-0-3,0,0
109,2015-10-31_Dragon Shire_Apathie-Nazeebo-1-0;BLKWZRD-Sgt. Hammer-1-0;chaerin-Kharazim-1-0;Coolgreencat-Valla-0-5;Germz-Diablo-0-6;NastyGrinch-Muradin-0-4;NateTheApe21-Sonya-1-0;NightKnight-Illidan-1-1;TomCruize-Kharazim-0-7;Warborn-Li Li-0-3,1,1
110,2015-11-01_Dragon Shire_blackhawk-Valla-0-5;Dami-Illidan-0-1;Efadrael-Artanis-0-1;Kylael-Zagara-0-1;Lithium-Artanis-1-7;Maemae-Leoric-0-0;mercy-The Lost Vikings-1-0;NightKnight-Nova-1-3;stoney-Nazeebo-1-10;tylord-Raynor-1-8,0,0
111,2015-11-02_Dragon Shire_BLKWZRD-Anub'arak-0-3;BooGahLoo-E.T.C.-1-2;Johnicles-Li Li-1-1;Laitale-Kael'thas-1-1;mercy-Uther-0-3;NeedYourJaw-Johanna-0-3;NightKnight-Sylvanas-0-6;suroudnpound-Valla-1-0;tylord-Raynor-0-3;Wineburg-Leoric-1-0,0,0
112,2015-11-02_Dragon Shire_Asesinus-Li Li-1-2;BLKWZRD-Johanna-0-4;Gtiny-Nazeebo-1-4;krazykilo-Kael'thas-1-8;Magoo-Muradin-1-1;NightKnight-Zeratul-0-3;Novacain-Kharazim-0-3;Tehuanke-Zagara-0-4;UNgr8fulDead-Jaina-1-7;Wildes-Sylvanas-0-2,0,0
113,2015-11-02_Dragon Shire_Akilo-Jaina-0-4;Atropos-Raynor-1-3;Fano-Nazeebo-1-4;Indignation-Kael'thas-1-5;LaneGainz-Leoric-1-0;Liscelieu-Murky-0-0;NeedYourJaw-Johanna-0-5;NightKnight-Li Li-0-3;Shermanated-Lt. Morales-1-3;TenguFinem-Zagara-0-4,0,0
114,2015-11-09_Dragon Shire_BLKWZRD-Tyrael-1-4;Caboose232-Raynor-0-8;Daim-Raynor-1-4;iEatPlastic-Nova-0-7;magicalfetus-Sonya-0-3;NeedYourJaw-Zeratul-1-3;NightKnight-Azmodan-1-2;spacewolf-The Lost Vikings-0-0;TheThief-Zeratul-0-3;W1nt3r-Diablo-1-8,1,1
115,2015-11-09_Dragon Shire_GEBUS-Raynor-0-3;Jeremo-Kerrigan-1-8;Klakak-Tyrael-0-3;Lachoneus-The Butcher-1-7;Loki-Muradin-1-7;mercy-Artanis-0-2;Mistic-Kael'thas-1-11;NightKnight-Jaina-0-3;Sopharinia-Jaina-1-10;tylord-The Lost Vikings-0-0,1,2
116,2015-11-12_Dragon Shire_Angus-Gazlowe-0-5;Asemboler-Tassadar-1-2;BLKWZRD-Jaina-0-5;Dumbfinger-Anub'arak-1-2;Erzerys-Kael'thas-1-7;fanaticfiend-Tyrael-1-10;madachup-Sonya-0-7;Mindgames-Sonya-1-3;peachy-Tyrande-0-4;XHunter-Diablo-0-13,0,0
117,2015-11-12_Dragon Shire_BLKWZRD-Tyrael-1-2;FRITZDRAGON-Lt. Morales-0-0;greensauce-Sonya-0-1;homemadehero-Raynor-0-2;ItaNatzuky-Tassadar-0-1;J0K3R-Rexxar-0-2;madachup-Sonya-1-3;netgazernine-Brightwing-1-1;peachy-Illidan-1-4;tylord-Jaina-1-3,0,0
118,2015-11-13_Dragon Shire_BLKWZRD-Jaina-1-4;JammesDean-Zagara-1-4;muzikman333-Jaina-0-4;NeedYourJaw-Tyrael-1-3;netgazernine-Malfurion-1-3;peachy-Abathur-1-4;pilot538-Li Li-0-1;Pringalz-Sgt. Hammer-0-1;ridiculous-Tyrande-0-2;Valkryst-Tyrael-0-2,0,0
119,2015-11-14_Dragon Shire_Akuma-Sonya-0-11;bestmalphite-Kael'thas-0-5;DWB7-Johanna-1-2;Logiter-Sgt. Hammer-0-6;NeedYourJaw-Sonya-1-5;peachy-Abathur-1-1;Salba-Zagara-1-4;TakonVI-Artanis-0-6;Tribal-Tychus-1-7;Zaynty-Sylvanas-0-8,1,1
120,2015-11-15_Dragon Shire_alanchenno10-Jaina-1-1;bakwardhat-Kerrigan-1-3;Beaverbot-Leoric-0-0;Book-Muradin-1-1;CabMan-Tychus-1-1;fallenmerc-Li Li-1-1;kpopstar77-Zagara-0-6;mootz-Kael'thas-0-8;peachy-The Butcher-0-7;twispi-Brightwing-0-6,0,0
121,2015-11-15_Dragon Shire_AssaOfHeaVeN-Artanis-0-1;CouchHammer-Illidan-1-11;Demona-Li Li-1-2;JhupQc-Leoric-1-0;masterBen-Falstad-1-3;mercy-Uther-0-0;peachy-Muradin-0-2;remorse-Kael'thas-0-1;roNK-Raynor-0-2;Whomper-Jaina-1-5,2,2
122,2015-11-15_Dragon Shire_BlackDranzer-Tychus-0-6;BLKWZRD-Tyrael-1-3;CakePaul-Kharazim-0-7;Korudo-Thrall-0-4;mercy-Kharazim-1-5;peachy-Abathur-1-2;Pulsedriver-Lt. Morales-0-6;Skizzerd-Sonya-0-8;SwiftSnail-Sgt. Hammer-1-3;Trallnar-Falstad-1-10,3,3
123,2015-11-15_Dragon Shire_BLKWZRD-Muradin-1-0;jingling2011-Gazlowe-0-11;Jits-Artanis-1-3;JohnConquest-The Lost Vikings-0-0;Manlyfluff-Sonya-0-8;mercy-Rehgar-1-3;peachy-Falstad-1-4;Penpacho-Raynor-0-11;SheeeelyxDD-Tassadar-0-4;TastyMeaty-Raynor-1-2,3,3
124,2015-11-16_Dragon Shire_Aurock-Illidan-0-4;BLKWZRD-Muradin-1-6;Jack-Kerrigan-0-1;Jasper-Nova-0-3;Malekith-Stitches-1-11;Munesanzun-Sylvanas-1-12;peachy-Abathur-1-1;TouglasBoat-Kael'thas-0-4;Yossarian-Kael'thas-1-7;zrkoria-Artanis-0-3,0,0
125,2015-11-17_Dragon Shire_Daboratory-Jaina-1-2;Decimuss-Lt. Morales-1-6;Discy-Artanis-1-6;Lando00-Johanna-1-2;lmt-Stitches-0-0;mercy-Kharazim-0-2;Painflow-Sonya-1-7;peachy-Sylvanas-0-2;tylord-Jaina-0-3;Villain-Malfurion-0-3,2,3
126,2015-11-20_Dragon Shire_Audrey-Gall-0-2;BLKWZRD-Leoric-0-0;Chris-Valla-0-6;jrdevries2-Cho-0-2;Naeco-Cho-1-5;peachy-Zeratul-0-4;Sundowner-Tychus-1-13;Symonn-Gall-1-5;ThatCanadian-Jaina-1-9;Vyrlyk-Leoric-1-0,2,2
127,2015-11-20_Dragon Shire_Ambroas-Jaina-0-8;CieloyNotte-Raynor-0-7;Denkstrum-Falstad-1-8;fassen-Tassadar-1-6;Meatball-Johanna-1-11;peachy-Leoric-0-0;sparkytiz-Artanis-0-3;SpeedStars-Kharazim-0-2;Tim-Tyrande-1-8;tokomoko-Nazeebo-1-7,1,1
128,2015-11-24_Dragon Shire_Carrex-Brightwing-1-3;Cynosa-Leoric-1-0;Feedback-Nazeebo-1-2;Genestealer-Kael'thas-1-6;mercy-Kharazim-0-3;NeedYourJaw-Falstad-0-8;netgazernine-Raynor-0-4;peachy-Tyrael-0-2;tylord-Muradin-0-2;Vegito-Murky-1-0,0,0
129,2015-11-25_Dragon Shire_BLKWZRD-Muradin-0-4;LordTHC-Artanis-1-4;mchen911-Zagara-0-7;mercy-Lt. Morales-0-3;MyNameIs-Kerrigan-1-4;NightKnight-Malfurion-1-4;nstedman-Zagara-1-5;Omnis-Falstad-1-1;peachy-Zeratul-0-4;tylord-Illidan-0-5,0,0
130,2015-11-27_Dragon Shire_Alrus-Lt. Morales-1-6;brahdahman-Artanis-0-4;Elrohironip-Li Li-1-4;Feno-Nova-1-11;HARLOW-Illidan-1-16;mercy-Jaina-0-3;MFBallin-Zeratul-0-4;MFRitch007-Abathur-0-1;nicolaxl-Johanna-1-8;peachy-Li Li-0-2,2,2
131,2015-11-27_Dragon Shire_BLKWZRD-Muradin-1-1;Braxxis-Thrall-0-7;EuBot-Raynor-0-6;Gaara-Muradin-0-4;MazrimTaim-Sylvanas-0-9;mercy-Kharazim-1-1;Nameless-Rehgar-0-1;peachy-Falstad-1-2;tylord-The Butcher-1-2;wAkKo-Rexxar-1-3,3,4
132,2015-11-27_Dragon Shire_BLKWZRD-Muradin-0-4;Claybern33-Nazeebo-0-6;DarthVaper-Muradin-1-1;Htown-Uther-1-1;mercy-Kharazim-0-4;peachy-The Butcher-0-7;Rhaygar-Nova-1-5;Themerovingi-Nazeebo-1-4;tylord-Falstad-0-4;vallis401-Arthas-1-2,0,0
133,2015-11-28_Dragon Shire_BLKWZRD-Zeratul-0-3;Ditlek-Jaina-0-5;Emcee-E.T.C.-1-5;mercy-Malfurion-0-5;peachy-Diablo-0-3;PrimeEvil-Jaina-1-11;Sciath-Tychus-0-7;SuperWhalrus-Lt. Morales-1-5;Uncas-Murky-1-0;WonderWalrus-Diablo-1-4,3,3
134,2015-11-29_Dragon Shire_BLKWZRD-Chen-1-5;FistOfGoD-Sylvanas-0-2;Frank-Anub'arak-0-2;JherowHell-Thrall-0-2;mercy-Lt. Morales-1-3;NestorLeza-Lt. Morales-0-3;peachy-Leoric-1-0;Phoenix-Jaina-1-7;tomahawk-Valla-0-6;tylord-Raynor-1-6,0,0
135,0001-01-01__peachy-Zagara-0-0;Player 10-Kerrigan-1-0;Player 2-Uther-0-0;Player 3-Chen-0-0;Player 4-Valla-0-0;Player 5-Jaina-0-1;Player 6-Li Li-1-2;Player 7-Valla-1-1;Player 8-Muradin-1-2;Player 9-Uther-1-2,0,0
136,2015-12-02_Dragon Shire_Anetharion-Illidan-0-6;Grudge-Artanis-1-3;Oathbound-Cho-0-3;peachy-Zagara-1-1;RobotWorgen-Gall-0-3;SadConscript-Tyrael-1-4;Schn-Kael'thas-1-3;Soyjoy-Artanis-0-7;Sparklepaint-Sgt. Hammer-0-4;tylord-Jaina-1-4,1,2
137,2015-12-02_Dragon Shire_Banehollow-Gall-1-3;BLKWZRD-Artanis-0-2;Cloudy-Raynor-1-3;NonLegit-Arthas-1-6;Ordinaryundn-Valla-0-3;peachy-Zagara-0-1;Phoenix-Thrall-0-1;Pooka-Anub'arak-1-5;pwnagraphy-Cho-1-3;tylord-Jaina-0-3,2,3
138,2015-10-08_Garden of Terror_Danclan-Jaina-0-1;joyNvengeanc-Leoric-0-0;mercy-Uther-1-3;NeedYourJaw-Johanna-1-3;netgazernine-Murky-1-0;NightKnight-Zeratul-1-4;PowerDefence-Anub'arak-0-4;Ra1n60wDa5h-Malfurion-0-4;Rampage-Zagara-0-4;tylord-Kael'thas-1-3,0,0
139,2015-10-18_Garden of Terror_Anubiros-Sylvanas-0-2;HairyPeon-Raynor-0-1;kajirus-Kael'thas-0-4;NightKnight-Tassadar-1-2;NovusCruor-Leoric-0-0;Odin-Malfurion-1-1;pancakes64-Li Li-0-0;tylord-Valla-1-6;Valorex-Johanna-1-4;Zeus-Sonya-1-6,0,0
140,2015-10-18_Garden of Terror_BoMcCloud-Kharazim-0-7;FilTheThrill-Sonya-1-5;Gallahandro-The Lost Vikings-0-0;GuidingArrow-Tyrael-0-4;hlnoiku-The Butcher-0-7;Meowmix86-Sonya-0-7;mercy-Jaina-1-3;NeedYourJaw-Li Li-1-2;NightKnight-Kerrigan-1-8;tylord-E.T.C.-1-3,0,0
141,2015-10-20_Garden of Terror_Astromancer-Kerrigan-0-3;budbud3-Li Li-0-2;Efadrael-Abathur-0-5;Generic-Tassadar-0-1;mercy-Li Li-1-3;netgazernine-Raynor-1-4;NightKnight-Diablo-1-11;Olias-Sgt. Hammer-1-7;TreetopFlyer-Leoric-0-0;tylord-Kael'thas-1-7,0,0
142,2015-10-22_Garden of Terror_Beercules-Kael'thas-1-4;BLKWZRD-Jaina-0-6;FattyPrinces-Sylvanas-0-6;Markos-Zagara-1-1;NightKnight-E.T.C.-0-5;Rennac-Lt. Morales-1-4;RichiC630-Li Li-0-5;Shlewdagle-Nova-0-6;Smokebro-Illidan-1-4;Wulven-Stitches-1-2,0,0
143,2015-10-28_Garden of Terror_Bluemanchew-Kharazim-1-5;Deadpool-Muradin-1-1;manbearpig-Abathur-0-1;mercy-Li Li-1-1;NightKnight-Artanis-1-1;reqieum-Kael'thas-0-5;SimpleTexas9-Leoric-0-0;TheTank-Malfurion-0-7;tylord-Raynor-1-3;WaxWizzy-Gazlowe-0-2,1,2
144,2015-10-31_Garden of Terror_AceBureido-Valla-1-4;Apathie-Nazeebo-0-5;BLKWZRD-Sgt. Hammer-0-6;Dillpill-Zagara-1-3;Doomforged-Nova-1-4;DrunkenWolf-Artanis-1-5;NateTheApe21-Rexxar-0-7;NightKnight-Falstad-0-8;Sheffield-Diablo-0-10;theSICone-Jaina-1-7,0,0
145,2015-10-31_Garden of Terror_AdmrlGangsta-Jaina-0-4;Bunkerzor89-Leoric-1-0;GangisBangis-Sylvanas-0-6;IronFist-Kael'thas-0-6;ItaliSausage-Murky-1-0;manpul-E.T.C.-0-2;mercy-Rexxar-1-5;NightKnight-Jaina-1-3;Ryujin-Tychus-0-4;Sample-Abathur-1-2,1,1
146,2015-11-01_Garden of Terror_BeeBole-Sylvanas-0-8;DoctaFlood-Valla-0-6;Mayhem-Thrall-0-6;mercy-Artanis-1-5;NeedYourJaw-Tassadar-1-2;NightKnight-Kerrigan-1-4;OlEnglish800-Kharazim-0-6;RealCheese-Jaina-1-13;Sleepy-Artanis-0-6;tylord-The Lost Vikings-1-0,0,0
147,2015-11-09_Garden of Terror_BLKWZRD-Tyrael-0-2;Chioki-Sonya-1-3;CrazyMage784-Zeratul-1-3;DemonLordJM-Lt. Morales-0-1;Dooooodlez-Lt. Morales-1-3;NeedYourJaw-Zeratul-0-6;NightKnight-Azmodan-0-2;Sionos-Nova-1-3;tylord-Li Li-0-2;Zaiven-Kharazim-1-0,0,0
148,2015-11-09_Garden of Terror_Enkidu-Falstad-0-3;Eskimo-Uther-0-5;Flamedragon-Artanis-1-7;getpwn3d22-Sonya-1-6;Krunch-Zeratul-0-4;Macha-Tyrande-0-3;mercy-Brightwing-1-3;NightKnight-Falstad-1-4;PsychicD-Sonya-0-4;tylord-The Lost Vikings-1-0,1,2
149,2015-11-10_Garden of Terror_afternoonian-Leoric-0-0;BLKWZRD-Tyrael-1-2;BPrincess-Murky-0-0;Jockitch-Li Li-0-4;Juando-Gazlowe-0-5;madachup-Raynor-1-1;mercy-Kharazim-1-0;NightKnight-Sylvanas-1-0;Shogo-Illidan-0-5;tylord-Illidan-1-2,2,3
150,2015-11-11_Garden of Terror_addbacon-Gazlowe-0-3;DeezyD-Rehgar-0-2;Haywire-Valla-0-3;HueyFreeman-Tychus-1-8;Inguz-Lt. Morales-0-4;Negatronn-Kerrigan-0-7;osking-Lt. Morales-1-8;peachy-Falstad-1-8;tylord-Leoric-1-0;warpierro-Chen-1-4,0,0
151,2015-11-11_Garden of Terror_Cagneyy-Artanis-0-2;debaser-Leoric-1-0;netgazernine-Brightwing-1-3;Nithryok-Raynor-0-4;Ohsnapzdawg-Rehgar-0-1;peachy-Falstad-1-2;Sargonnis-Abathur-0-1;Triumph-Lt. Morales-1-0;tylord-Raynor-1-2;WellFed-Tyrande-0-3,0,0
152,2015-11-12_Garden of Terror_BLKWZRD-Tyrael-1-1;FRITZDRAGON-Lt. Morales-0-4;fromaj-Gazlowe-0-8;homemadehero-Raynor-0-4;ItaNatzuky-Arthas-0-3;J0K3R-Nova-0-4;mercy-Uther-1-0;netgazernine-Raynor-1-2;peachy-Illidan-1-1;tylord-Jaina-1-4,3,4
153,2015-11-14_Garden of Terror_BigNasty-Tyrande-0-5;Goldquentin2-The Butcher-1-6;jicjic21-Kharazim-1-10;LilMurloc-Sgt. Hammer-1-7;Lummytumkins-Nova-0-4;Murimlinn-Anub'arak-0-1;NeedYourJaw-Jaina-1-5;peachy-Abathur-1-1;Poppet-Li Li-0-2;wubba-The Butcher-0-4,1,1
154,2015-11-14_Garden of Terror_Bryan-Sylvanas-1-5;Cooltron3000-Valla-0-0;deadpool-Valla-1-7;Grohit-Thrall-0-1;illegalbacon-Tyrael-0-0;Maiwouk-Malfurion-0-2;max611-Raynor-0-0;mercy-Kharazim-1-1;NeedYourJaw-Johanna-1-3;peachy-Abathur-1-1,0,0
155,2015-11-15_Garden of Terror_BLKWZRD-Abathur-1-4;Dantheo-E.T.C.-0-6;DocMarten-Diablo-1-7;FenrirCrow-Thrall-0-5;jmo56ct-Valla-1-6;MrBOOMSTICK-Nova-0-8;P15T0LP3T3-Nova-1-6;peachy-Sylvanas-1-7;Ruthless-Rexxar-0-5;Vodnik-Artanis-0-3,0,0
156,2015-11-15_Garden of Terror_EasymodeFTW-Jaina-0-8;Foodfighters-Valla-0-7;kingofburger-Raynor-1-8;Loneknight-Nova-1-5;Macavic-Muradin-0-8;mercy-Uther-1-3;Mmonger-Murky-1-0;peachy-Leoric-1-0;TheIceMonste-Artanis-0-8;Tyrexx-Lt. Morales-0-4,2,2
157,2015-11-15_Garden of Terror_BrÖt-Uther-1-1;Deafrog-Sylvanas-1-5;JhupQc-Leoric-1-0;leather-Kerrigan-0-8;masterBen-Falstad-1-3;mercy-Lt. Morales-0-6;Moonwarden-Azmodan-0-3;peachy-Muradin-0-5;Spineapple-Kael'thas-0-9;????-Jaina-1-5,0,0
158,2015-11-15_Garden of Terror_BLKWZRD-Muradin-1-4;CygnussVorg-The Butcher-1-7;Embalmed-Zagara-0-4;Imix-Valla-1-4;Inspire-Artanis-0-6;Jaewrek-Lt. Morales-0-3;mercy-Tyrande-1-3;peachy-Abathur-1-1;Tukieu-Tychus-0-7;Wyrmfist-Sgt. Hammer-0-6,3,3
159,2015-11-18_Garden of Terror_EvenColder-Cho-0-6;galva-Zeratul-0-4;MyssTickle-Gall-1-3;necromorph-Zagara-1-7;peachy-Sylvanas-0-5;PonchoKnight-Raynor-1-5;Shroony-Gall-0-6;sleepyshadow-Johanna-1-0;Toxic-Cho-1-3;Viper-Nova-0-7,0,0
160,2015-11-18_Garden of Terror_BLKWZRD-Cho-1-4;Comedy-Cho-0-2;Cyd-Johanna-0-4;JayPee-Zagara-0-4;Marcee-Li Li-0-3;mercy-Lt. Morales-1-3;netgazernine-Gall-1-4;peachy-Abathur-1-0;TorpedoVegas-Gall-0-2;tylord-Raynor-1-4,3,4
161,2015-11-18_Garden of Terror_BryceHill-Kael'thas-0-5;Centuri-Uther-1-3;Drdream-Sonya-1-4;FunkyMonk-Jaina-1-4;GoldSTAR-Valla-1-5;Jack0fTradez-Muradin-0-1;peachy-Sylvanas-0-5;Spirodela-Johanna-1-3;Yeshuah-Raynor-0-4;Zzz-Kharazim-0-2,1,1
162,2015-11-24_Garden of Terror_BLKWZRD-E.T.C.-1-1;Darkstarnes-Abathur-0-2;Geremias-Falstad-0-4;lovecraft-Nova-1-3;NeedYourJaw-Raynor-1-2;peachy-Zeratul-1-2;Precipice-Kerrigan-0-10;RoboBoogie-Nazeebo-0-5;Solaari-Rehgar-0-7;tylord-Lt. Morales-1-1,2,3
163,2015-12-02_Garden of Terror_BLKWZRD-Artanis-0-6;Foux-Nova-1-4;gogh-Raynor-0-6;Irojul-Abathur-1-4;krutomisi-Zagara-1-7;KURTYPOP-Kerrigan-1-12;MarcusLuk-Thrall-1-10;Mehndarehi-Muradin-0-3;peachy-Zagara-0-7;tylord-Jaina-0-6,2,3
164,2015-10-17_Haunted Mines_BLKWZRD-E.T.C.-1-4;Chemical-Uther-0-3;Gibe-Kael'thas-1-5;Manda-Tassadar-0-3;mercy-Lt. Morales-1-2;miguelhech-Zagara-1-4;NightKnight-Diablo-1-5;Rueger-Nova-0-0;Stokhastikos-Gazlowe-0-7;Vicious-Sgt. Hammer-0-1,0,0
165,2015-10-18_Haunted Mines_BradtheMan-Sylvanas-0-6;Doloboy-Uther-1-3;DuckTape-Anub'arak-1-2;DunkstinX-Illidan-1-5;Lythis-Kharazim-0-3;mercy-Jaina-0-3;NightKnight-Leoric-0-0;Opec-Sonya-0-2;SkyDaGreat05-Zagara-1-5;Zewind-Raynor-1-4,1,1
166,2015-10-18_Haunted Mines_Aechere-Raynor-0-5;Akukami-Murky-1-0;Judge-Tyrael-0-7;mercy-Jaina-1-4;Mylife4Auir-Lt. Morales-0-6;NeedYourJaw-Li Li-1-1;NightKnight-E.T.C.-1-3;ShadowMan-Anub'arak-0-7;tylord-Kael'thas-1-3;Vyzz-Kharazim-0-4,1,2
167,2015-10-22_Haunted Mines_BLKWZRD-Sgt. Hammer-0-3;DrBombastic-Raynor-1-2;Exuri-Zagara-1-4;Kosind-Stitches-0-8;Maulrats916-Sylvanas-0-6;Mick-Artanis-1-1;NeedYourJaw-Johanna-0-3;NightKnight-Artanis-0-7;ThunderXD-Leoric-1-0;Wastedouimet-Abathur-1-2,0,0
168,2015-10-22_Haunted Mines_BLKWZRD-Tyrande-0-3;eel-Zagara-1-0;Inglorious89-Jaina-1-0;mercy-Lt. Morales-0-3;NeedYourJaw-Sonya-0-8;NightKnight-Artanis-0-5;SoggyPancake-Kael'thas-1-1;Tuchalla-Johanna-1-0;tylord-Tychus-0-5;Tyzhm-Malfurion-1-0,0,0
169,2015-10-24_Haunted Mines_Avengerian-Kerrigan-0-4;BLKWZRD-Murky-0-0;kris003-Valla-1-7;LuckyTiger-The Lost Vikings-1-0;Munra-Kael'thas-1-8;NightKnight-Li Li-0-2;punisherUA-Valla-0-6;Redfire-Artanis-1-9;TECHNOVIKING-Lt. Morales-1-7;tylord-E.T.C.-0-2,1,2
170,2015-10-24_Haunted Mines_BLKWZRD-Zagara-0-6;Darksim-Raynor-1-2;Electra-Johanna-0-11;Hydropillz-Nova-1-3;LunarWarden-Anub'arak-1-2;Mekotsu-Valla-1-6;NightKnight-Artanis-0-7;oxypillz-Zeratul-1-2;SlickZero-Kael'thas-0-9;tylord-Tychus-0-6,0,0
171,2015-10-31_Haunted Mines_DeadlyKitten-Sgt. Hammer-1-0;edgardVE-E.T.C.-1-2;Jagno-Diablo-1-0;NightKnight-Tassadar-1-1;Player 1-Tassadar-0-10;Player 2-Sonya-0-5;Player 3-Azmodan-0-6;Player 4-Raynor-0-1;Player 5-Zagara-0-8;Thorne-Kharazim-1-0,0,0
172,2015-11-05_Haunted Mines_Cinnas-Valla-1-3;Dreadnaught-Artanis-0-3;DrPlatypus-Zagara-1-6;Gerkek-Tyrande-0-3;JjKrispies-Nova-0-2;MuckBubbler-E.T.C.-1-7;NeedYourJaw-Sonya-0-3;NightKnight-Abathur-0-0;Wes-Malfurion-1-7;XxMacCxX-Tychus-1-3,0,0
173,2015-11-10_Haunted Mines_afternoonian-Jaina-0-6;BLKWZRD-Tyrael-1-5;BPrincess-Illidan-0-9;Jockitch-Zagara-0-3;Juando-Kharazim-0-7;madachup-Raynor-1-2;mercy-Kharazim-1-3;NightKnight-Sylvanas-1-2;Shogo-Diablo-0-10;tylord-Illidan-1-6,2,3
174,2015-11-12_Haunted Mines_BLKWZRD-Tyrael-1-3;Blue-Jaina-0-2;chiefshogun-Lt. Morales-0-3;Goomberdups-Chen-0-5;madachup-Sonya-1-4;mercy-Uther-1-3;peachy-Sylvanas-1-2;Sabrewolf-Tyrael-0-3;Shadypast-Valla-0-1;tylord-Jaina-1-3,0,0
175,2015-11-13_Haunted Mines_Acherian-Thrall-1-7;Borgeyorf-Nazeebo-1-4;cJacobs-Sylvanas-0-2;Cullican-Artanis-1-7;Fastolph-Gazlowe-1-2;HolyWrath-Rexxar-0-2;JohnyEvilGuy-Lt. Morales-0-2;Koin-Lt. Morales-1-2;Mavis-Artanis-0-2;peachy-Abathur-0-2,1,1
176,2015-11-14_Haunted Mines_Azgarde-Kael'thas-0-6;Brett-Kerrigan-1-11;BRUZARR-Artanis-1-7;elcarlos-Jaina-0-9;Iris-Kael'thas-1-10;mercy-Tyrael-0-2;NeedYourJaw-Raynor-0-0;peachy-Abathur-0-0;Uhpurkut-Chen-1-4;zachp-Sgt. Hammer-1-5,2,2
177,2015-11-15_Haunted Mines_Bewilder-Kael'thas-0-3;BLKWZRD-Tyrael-1-4;chaosPANDA-Sylvanas-0-4;FATE23-Artanis-1-6;My2Dads-Li Li-0-3;peachy-Muradin-1-5;PhoenixxFire-Arthas-0-5;PUN1SHER08-Kharazim-1-5;Sarah-Valla-0-4;Tatsu-Jaina-1-8,0,0
178,2015-11-15_Haunted Mines_Barkevious-Kharazim-0-4;chowwy-Kael'thas-1-5;Darkcrisis21-Artanis-0-4;JDoubles-Sylvanas-0-6;Juggernaut-Abathur-1-2;LooterTooter-Leoric-1-0;Monchhichi-Li Li-1-6;Moreira77-Nazeebo-1-9;peachy-Muradin-0-3;Ryno-Jaina-0-8,1,1
179,2015-11-15_Haunted Mines_BLKWZRD-Muradin-1-3;mercy-Illidan-1-5;MrMagu-Sylvanas-0-2;NinjaToast-Tychus-0-1;Pandasaurus-Kael'thas-0-3;peachy-Abathur-1-1;Pigsey-Stitches-0-3;TastyMeaty-Raynor-1-3;White1125-Sylvanas-1-8;Wondos-Falstad-0-3,0,0
180,2015-10-08_Infernal Shrines_Fartbarter-Stitches-0-2;Itookurjerb-Tychus-0-2;Loco-Kael'thas-0-2;mercy-Uther-1-6;NeedYourJaw-Johanna-1-7;netgazernine-Raynor-1-6;NightKnight-Sylvanas-1-5;Rostafer-Leoric-0-0;ShiftyFish-Tyrande-0-0;tylord-Valla-1-7,0,0
181,2015-10-15_Infernal Shrines_NightKnight-Diablo-1-0;Player 1-Diablo-0-8;Player 10-Nazeebo-1-0;Player 2-Tychus-0-6;Player 3-Malfurion-0-5;Player 4-Li Li-0-5;Player 5-Valla-0-6;Player 7-Li Li-1-0;Player 8-Raynor-1-0;Player 9-Zagara-1-0,0,0
182,2015-10-15_Infernal Shrines_BLKWZRD-E.T.C.-0-6;ezabet-Li Li-1-0;Juicyuzzie5-Sgt. Hammer-1-0;Malaxeur-Jaina-1-4;mercy-Uther-0-7;NeedYourJaw-Jaina-0-4;netgazernine-Raynor-0-1;NightKnight-Diablo-0-5;Sike-E.T.C.-1-6;sylace-Raynor-1-1,0,0
183,2015-10-18_Infernal Shrines_GEOPS-Murky-0-0;kojaceki-Nova-0-1;Mavis-Abathur-0-1;mercy-Chen-1-10;NeedYourJaw-Tyrande-1-7;NightKnight-Kerrigan-1-8;tsarmicolas3-E.T.C.-0-1;tylord-Raynor-1-11;Untz-The Butcher-1-10;Wraph06-Valla-0-1,0,0
184,2015-10-20_Infernal Shrines_Littz-Rexxar-0-2;mercy-Li Li-1-4;netgazernine-Murky-1-0;NightKnight-E.T.C.-1-5;Oblivion-Tassadar-0-0;Passdat420-Valla-0-6;Slenderman-Lt. Morales-1-5;Tankue-Raynor-0-2;Train-Jaina-0-3;tylord-Kael'thas-1-6,0,0
185,2015-10-24_Infernal Shrines_BLKWZRD-Rexxar-1-6;dude-Sgt. Hammer-0-5;Engendraco-Anub'arak-0-2;Icekold-Malfurion-1-2;LargePizza-Nova-0-0;Moose-Lt. Morales-0-3;netgazernine-Brightwing-1-6;NightKnight-Artanis-1-4;Pentay-Gazlowe-0-3;tylord-Tychus-1-4,0,0
186,2015-10-24_Infernal Shrines_Alina-Malfurion-1-7;BLKWZRD-Johanna-0-5;Igovo-Nazeebo-0-0;IrishLegend-Johanna-1-9;LordZaryn-Nazeebo-1-8;mercy-Li Li-0-1;netgazernine-Raynor-0-3;NightKnight-Nova-0-3;Thalon-Kerrigan-1-12;Uther4-Kael'thas-1-10,2,2
187,2015-10-31_Infernal Shrines_Acherian-E.T.C.-0-7;BaZaR-Sonya-0-4;BLKWZRD-Johanna-1-5;Draigh-Lt. Morales-0-2;Infernas-Valla-1-4;madachup-Sonya-1-8;Mattfbls-Kerrigan-0-2;mercy-Li Li-1-3;MikeyMike-Kael'thas-0-3;NightKnight-The Butcher-1-6,0,0
188,2015-10-31_Infernal Shrines_Jagno-Diablo-1-4;NightKnight-Illidan-1-7;Player 1-Rehgar-0-5;Player 10-Sgt. Hammer-1-2;Player 2-Artanis-0-6;Player 3-Jaina-0-6;Player 4-Azmodan-0-5;Player 5-Nova-0-8;Player 8-Brightwing-1-6;Player 9-Zagara-1-3,0,0
189,2015-11-02_Infernal Shrines_Archtun-Illidan-1-5;BattleMist-Sgt. Hammer-1-2;Beeracuda-Kerrigan-1-5;Grimreaper-Lt. Morales-1-5;mercy-Artanis-0-8;NeedYourJaw-Li Li-0-4;NightKnight-Kerrigan-0-9;nohmask-Sylvanas-1-3;Saf-Nova-0-7;tylord-The Lost Vikings-0-0,0,0
190,2015-11-09_Infernal Shrines_ArmorDragon-Leoric-0-0;BLKWZRD-Tyrael-1-1;Chioki-Sonya-0-4;Dooooodlez-Lt. Morales-0-4;NeedYourJaw-Zeratul-1-5;NightKnight-Abathur-1-2;RAZC-Zagara-1-8;Sionos-Nova-0-3;tylord-Li Li-1-1;Zaiven-Kael'thas-0-1,0,0
191,2015-11-10_Infernal Shrines_Angie-Raynor-1-0;AztecaSith-Tyrande-1-1;BLKWZRD-Kharazim-0-4;KAMAIVANSITO-Jaina-1-0;madachup-The Butcher-0-8;MarCeLiTa-Gazlowe-1-2;mercy-Tyrael-0-6;NeedYourJaw-Tyrande-0-3;NightKnight-Falstad-0-4;Raien-Johanna-1-2,0,0
192,2015-11-10_Infernal Shrines_andrull-Sonya-1-3;BLKWZRD-Tyrael-0-5;Giveup-Jaina-1-5;madachup-Gazlowe-0-6;mercy-Kharazim-0-7;Michel-Johanna-1-4;Nibbles-Nazeebo-1-4;NightKnight-Jaina-0-4;tylord-Illidan-0-4;zulrak-Malfurion-1-3,0,0
193,2015-11-11_Infernal Shrines_BuukuStudios-Azmodan-1-2;Fido-Leoric-1-0;GhostDog-Sonya-1-9;Kylelot-Lt. Morales-1-5;MajinVivi0-Stitches-1-3;Malthena-Sgt. Hammer-0-3;murphys16-Valla-0-4;peachy-Falstad-0-2;Taln-Lt. Morales-0-0;tylord-Leoric-0-0,1,2
194,2015-11-12_Infernal Shrines_BLKWZRD-Tyrael-0-0;Gartzling-Gazlowe-0-1;Icyinferno-Artanis-1-5;Izlandia-Nova-1-3;madachup-Sonya-0-1;peachy-Li Li-0-0;Rev-Rehgar-1-5;Shooter-Brightwing-1-1;SneakyWaffle-Sgt. Hammer-1-6;tylord-Raynor-0-1,2,3
195,2015-11-12_Infernal Shrines_BLKWZRD-Johanna-1-6;Hrothgar-Rexxar-0-2;madachup-Sonya-1-3;mercy-Uther-1-2;MrBuff-Raynor-0-1;Pancho230-Leoric-0-0;peachy-Falstad-1-1;SilentSteps-Kharazim-0-1;SuiSlice-Sylvanas-0-0;tylord-Jaina-1-2,0,0
196,2015-11-12_Infernal Shrines_Ankiseth-Artanis-0-6;Bozkon-Tychus-1-7;DANK-Abathur-0-0;Holdean-Sylvanas-0-6;JorgeLPR-Lt. Morales-0-7;madachup-Chen-1-2;netgazernine-Brightwing-1-3;peachy-The Butcher-1-7;phandomicer-Thrall-1-6;Shadow-Valla-0-7,1,1
197,2015-11-14_Infernal Shrines_dkretzel-Raynor-1-6;DropShot-Tassadar-1-3;kretzel-Diablo-1-10;largefry-Thrall-0-0;NeedYourJaw-Raynor-0-0;neuranium-Murky-1-0;peachy-Abathur-0-1;pmore-Lt. Morales-0-2;Ragnar-Gazlowe-0-1;ShokTop-Tychus-1-7,1,1
198,2015-11-15_Infernal Shrines_AsapMadKing-Nazeebo-0-2;barryfishy-Tychus-0-4;BLKWZRD-Johanna-1-4;brighthoyt-Kael'thas-0-6;CrowNomokazu-Leoric-0-0;Derpados-Sylvanas-1-3;DoctorBalls-The Lost Vikings-1-0;Grandavi-Li Li-0-2;jimdubbs-Rehgar-1-0;peachy-Falstad-1-2,0,0
199,2015-11-15_Infernal Shrines_ArcTri-Li Li-1-0;Billd-Kael'thas-1-0;bootysweat-Valla-0-7;Gin-Tassadar-1-2;Guse-Stitches-1-3;HippoCrit-Arthas-0-8;Hoy-Raynor-1-2;Ihmstine-Sylvanas-0-8;mercy-Uther-0-3;peachy-Leoric-0-0,0,0
200,2015-11-15_Infernal Shrines_BLKWZRD-Muradin-1-4;carlos-Zeratul-1-7;conflux-Muradin-0-6;Ignatius-Tassadar-0-2;Ingulit-Raynor-0-2;Maestro-Nazeebo-0-4;mercy-Tyrande-1-4;Ottocar-Jaina-0-3;peachy-Abathur-1-1;ZOWER-Zagara-1-10,0,0
201,2015-11-16_Infernal Shrines_Bayodar-Muradin-1-6;Itchee-Lt. Morales-1-2;Jerabi-Tyrael-1-7;Lacabesa-Lt. Morales-0-6;Marky69-Malfurion-1-4;NeedYourJaw-Tyrande-0-10;Noxus-Sgt. Hammer-0-3;peachy-Falstad-0-6;Thorntak-Thrall-0-9;Tyler-Nova-1-9,1,1
202,2015-11-16_Infernal Shrines_Anvos-Lt. Morales-0-5;Ban-Gazlowe-1-1;BLKWZRD-Muradin-0-7;estra-Lt. Morales-1-0;LightTriana-Sylvanas-1-2;mercy-Tyrande-0-5;NeedYourJaw-Sylvanas-0-3;peachy-Illidan-0-6;shakyalot-Thrall-1-0;Task-Jaina-1-2,0,0
203,2015-11-16_Infernal Shrines_BLKWZRD-Johanna-1-1;peachy-Azmodan-1-0;Player 1-Muradin-0-6;Player 10-Valla-1-1;Player 2-Li Li-0-8;Player 3-Valla-0-4;Player 4-Malfurion-0-7;Player 5-Tychus-0-5;Player 8-Rehgar-1-1;Player 9-Jaina-1-1,2,2
204,2015-11-18_Infernal Shrines_Abacadabra-Artanis-0-2;Bahstan-Zeratul-0-3;BLKWZRD-Cho-1-8;Dardanus-Falstad-0-1;Iskruel-Uther-0-2;Kensrow-Muradin-0-3;mercy-Brightwing-1-6;netgazernine-Gall-1-8;peachy-Abathur-1-4;tylord-Raynor-1-5,0,0
205,2015-11-19_Infernal Shrines_BLKWZRD-E.T.C.-0-4;datmonkdps-The Butcher-1-1;Lor-Cho-1-0;mercy-Brightwing-0-7;NeedYourJaw-Falstad-0-3;ocmu-Gall-1-0;peachy-Abathur-0-5;ragingtboner-Lt. Morales-1-3;Thibeault-Gazlowe-1-4;tylord-The Lost Vikings-0-0,0,0
206,2015-11-20_Infernal Shrines_Bareflanks-Zeratul-0-8;BeefJelly-Chen-0-9;BLKWZRD-Cho-0-6;Colossalcalf-Muradin-1-3;Masterdeo-Cho-1-1;peachy-Gall-0-6;Prod1gy-Nova-1-4;Shen-Gall-1-1;Vinixor-Valla-0-5;Zeiko-The Butcher-1-5,0,0
207,2015-11-24_Infernal Shrines_BLKWZRD-Muradin-0-3;Gorekill-Nova-1-5;Maj-Valla-0-4;Morimic-The Butcher-1-7;NeedYourJaw-Kharazim-0-1;peachy-Rexxar-0-1;Ryskill-Jaina-1-4;Sewerchewer-Raynor-1-8;TaintSinatra-Illidan-1-6;tylord-Raynor-0-2,2,3
208,2015-11-24_Infernal Shrines_BLKWZRD-E.T.C.-0-0;d3th-Cho-1-5;Doombringer-Gall-1-5;goblyn-Zeratul-1-6;mercy-Tyrande-0-0;netgazernine-Raynor-0-0;peachy-Zeratul-0-0;Sackomatic-Artanis-1-9;Turbojezzus-Rehgar-1-4;tylord-Lt. Morales-0-0,3,4
209,2015-10-18_Sky Temple_AthrunZala-Jaina-0-4;Bushwookie-Rexxar-1-3;Diablos-Sylvanas-1-11;KalAve-Tychus-0-4;Klasik-Muradin-0-0;mercy-Zagara-1-6;NightKnight-Illidan-1-6;Pley-Nova-0-0;Raelian-Abathur-0-1;tylord-Leoric-1-0,0,0
210,2015-10-18_Sky Temple_BDS-Uther-0-6;HeeroMaki-Murky-0-0;Hextech-Nova-0-1;mercy-Jaina-1-2;NeedYourJaw-Li Li-1-0;NightKnight-E.T.C.-1-0;Saltine-Uther-1-0;Troiani-Muradin-0-7;tylord-Kael'thas-1-0;VINDICATION-Lt. Morales-0-6,1,2
211,2015-10-21_Sky Temple_artifact-The Lost Vikings-0-0;BLKWZRD-Johanna-1-3;Jagdfel-Rehgar-0-9;lordmerlin-Tychus-0-4;mercy-Jaina-1-1;NightKnight-Artanis-1-5;Notme-Artanis-0-7;oliveira-Kerrigan-1-2;Read-Falstad-0-4;tylord-Li Li-1-4,2,3
212,2015-10-24_Sky Temple_AlexMOB-Raynor-0-3;BLKWZRD-Murky-1-0;Buckswillion-Arthas-0-7;Casalb-Tassadar-1-6;Delirium22-Nova-0-1;Hassan-Uther-0-5;Jacani-Sonya-1-7;MilesMOB4-Lt. Morales-0-3;NightKnight-Li Li-1-2;tylord-Leoric-1-0,1,2
213,2015-10-31_Sky Temple_Deathstroke-Artanis-1-7;Frenzy-Kael'thas-0-2;FrostyDog-Anub'arak-1-7;LegionXIII-Tyrande-1-3;mercy-Artanis-0-1;moemoron-Thrall-0-4;NightKnight-Jaina-0-0;Platonic-Kharazim-1-3;Solairelol-Jaina-1-7;Xivlion-Kharazim-0-1,1,1
214,2015-10-31_Sky Temple_beefcake619-Abathur-0-0;Giggle-Lt. Morales-0-2;madachup-Sonya-1-4;MrAnteater-Artanis-0-2;NightKnight-Nova-1-1;Scargo-Lt. Morales-1-5;Sean-Kharazim-1-7;Thoarke-Nazeebo-0-3;Travant-Rehgar-0-2;Wyx-Artanis-1-5,0,0
215,2015-11-01_Sky Temple_BLKWZRD-Brightwing-0-5;ItsRussiaFTW-Tychus-1-1;KillSquish-Nazeebo-1-2;mercy-Artanis-0-3;NightKnight-The Butcher-0-4;Orgoth-Valla-1-2;Pippy-E.T.C.-1-5;Ratherion-Nazeebo-0-5;SoulMan-Malfurion-1-3;tylord-E.T.C.-0-6,0,0
216,2015-11-09_Sky Temple_Blizzardof96-Illidan-1-4;BuddManlove-Azmodan-0-4;bumdiggity-Abathur-1-0;charminghat-Chen-1-0;jaydudex2-Li Li-1-1;MemeLord-Falstad-1-4;mercy-Kharazim-0-1;NeedYourJaw-Raynor-0-3;NightKnight-Tyrael-0-1;tylord-Illidan-0-2,1,2
217,2015-11-10_Sky Temple_Asparagus-Tassadar-0-2;BLKWZRD-Illidan-1-1;Cheetx-Abathur-0-1;DamnNoHTML-Zeratul-0-2;DavisLuther-Kerrigan-0-4;Dylan-E.T.C.-0-4;madachup-Sonya-1-3;mercy-Kharazim-1-0;NeedYourJaw-Jaina-1-1;NightKnight-Tyrael-1-0,0,0
218,2015-11-11_Sky Temple_Adjaycent-The Butcher-1-1;Blarg-Li Li-0-7;CirMacka-Thrall-0-4;Ironlung-Artanis-0-4;Megaman-Muradin-0-6;mercy-Malfurion-1-0;peachy-Falstad-1-0;Robiusmax-Raynor-0-7;Sciath-Kharazim-1-0;tylord-Raynor-1-2,2,3
219,0001-01-01__peachy-Falstad-1-0;Player 1-Li Li-0-0;Player 10-Sgt. Hammer-1-0;Player 2-Raynor-0-1;Player 3-Muradin-0-1;Player 4-Valla-0-0;Player 5-Kerrigan-0-1;Player 7-Kharazim-1-0;Player 8-Zagara-1-0;Player 9-Arthas-1-0,0,0
220,2015-11-12_Sky Temple_BLKWZRD-Johanna-0-1;BurningFetus-Lt. Morales-1-7;dollzkill-Valla-1-3;Konflict-Abathur-1-0;mercy-Uther-0-2;netgazernine-Raynor-0-1;peachy-Illidan-0-3;Reaperz578-Anub'arak-1-10;sandalz561-The Butcher-1-10;tylord-Jaina-0-1,3,4
221,2015-11-13_Sky Temple_peachy-Abathur-0-0;Player 10-Valla-1-7;Player 2-Jaina-0-2;Player 3-Uther-0-0;Player 4-Chen-0-0;Player 5-Nazeebo-0-1;Player 6-Uther-1-8;Player 7-Tychus-1-7;Player 8-Muradin-1-5;Player 9-Diablo-1-4,1,1
222,0001-01-01__Academician-Jaina-1-0;Asemboler-Sgt. Hammer-1-0;BLKWZRD-Tassadar-0-0;Dumbfinger-Raynor-1-0;Erzerys-Johanna-1-0;InfinitePi-Li Li-1-0;mercy-Murky-0-0;NeedYourJaw-Leoric-0-0;netgazernine-Brightwing-0-0;peachy-Abathur-0-0,0,0
223,0001-01-01__Academician-Jaina-1-0;Asemboler-Sgt. Hammer-1-0;BLKWZRD-Tassadar-0-2;Dumbfinger-Raynor-1-0;Erzerys-Johanna-1-0;InfinitePi-Li Li-1-0;mercy-Murky-0-0;NeedYourJaw-Leoric-0-0;netgazernine-Brightwing-0-1;peachy-Abathur-0-0,0,0
224,0001-01-01__Academician-Jaina-1-0;Asemboler-Sgt. Hammer-1-0;BLKWZRD-Tassadar-0-2;Dumbfinger-Raynor-1-0;Erzerys-Johanna-1-0;InfinitePi-Li Li-1-0;mercy-Murky-0-0;NeedYourJaw-Leoric-0-0;netgazernine-Brightwing-0-2;peachy-Abathur-0-0,0,0
225,2015-11-15_Sky Temple_Arsenal-Sonya-0-0;BLKWZRD-Johanna-1-4;Kik-Malfurion-0-0;Killinglight-Brightwing-1-5;lupercal-Diablo-0-1;mac-Zagara-0-1;Osiris-Nazeebo-1-4;peachy-Kael'thas-1-2;SUPARI-Nova-0-1;Wisdom-Raynor-1-3,0,0
226,2015-11-16_Sky Temple_Agapitos1337-Tyrande-0-1;BLKWZRD-Muradin-0-0;Bones1344-Rexxar-1-6;EmptySpace-Zagara-1-8;HelpingHand-Stitches-0-1;NeedYourJaw-Li Li-0-0;peachy-Illidan-0-2;saintmikel-Lt. Morales-1-8;SMG-The Butcher-1-9;Xenox-Abathur-1-1,2,2
227,2015-11-16_Sky Temple_BLKWZRD-Muradin-0-0;Darkfiremat-Lt. Morales-0-1;Deathicus-Diablo-1-3;Jumpsteady-Lt. Morales-1-5;justzephy-Abathur-1-0;mercy-Kharazim-0-0;Milkymoo-Kael'thas-1-5;Nekrim-The Butcher-1-5;peachy-Sylvanas-0-1;ViperPilot-E.T.C.-0-2,3,3
228,2015-11-17_Sky Temple_Ataud-Zagara-0-8;Blaze-Thrall-0-5;Leliana-Muradin-0-3;mercy-Kharazim-1-1;peachy-Sylvanas-1-0;RyquistX-Tassadar-0-7;SMOKERD503-Artanis-1-3;Sobek-Falstad-1-0;Surox-Abathur-0-0;tylord-Jaina-1-0,2,3
229,2015-11-18_Sky Temple_BLKWZRD-Cho-1-2;mercy-Lt. Morales-1-4;netgazernine-Gall-1-2;NoDyce-Tassadar-0-2;Oats-Cho-0-0;peachy-Abathur-1-2;PimentoOlive-Gall-0-0;Quotheraven-Raynor-0-3;Scheu-Tyrande-0-2;tylord-The Lost Vikings-1-0,0,0
230,2015-11-19_Sky Temple_BLKWZRD-Kharazim-1-3;Echoknight-Tyrael-0-5;HuntaKilla-Zeratul-0-2;KillerDuster-Tychus-0-4;Krystov-Diablo-0-7;Metamorph-Lt. Morales-0-3;NeedYourJaw-Falstad-1-3;peachy-Tyrael-1-5;SoulOfCoal-Sylvanas-1-4;tylord-Raynor-1-3,0,0
231,2015-11-20_Sky Temple_BattlePants-Nova-0-2;BLKWZRD-Leoric-0-0;CaptainJaws-Cho-1-9;GodK-Raynor-0-1;Ixion-Raynor-1-10;peachy-Zeratul-0-1;theJarett-Sylvanas-1-9;UbiquitousIy-Gall-1-9;Zeph-Nova-1-7;ZZZMarlik-Zagara-0-1,2,2
232,2015-11-20_Sky Temple_AZC-Kael'thas-0-6;Coa-Sonya-1-3;Craklyn-Muradin-0-3;HotBox-Uther-0-4;McLeod-Kharazim-1-1;megafury-Li Li-1-2;peachy-Falstad-0-4;SweetChoch-Zagara-1-3;typervader-Kerrigan-1-2;Vixxyn-Diablo-0-5,0,0
233,2015-11-24_Sky Temple_Analysis-Valla-1-3;BLKWZRD-Muradin-1-1;conns-Tyrande-0-1;lildogt-E.T.C.-0-3;MMRedbeard-Cho-0-2;NeedYourJaw-Falstad-1-4;peachy-Sgt. Hammer-1-5;spartan88-Gall-0-2;STIHL-The Lost Vikings-0-0;tylord-Li Li-1-1,2,3
234,2015-11-24_Sky Temple_Azuki-Nazeebo-1-5;BLKWZRD-E.T.C.-0-0;Galolus-Rehgar-1-3;kagiri-Kael'thas-1-5;Lunastone-The Butcher-1-6;mercy-Tyrande-0-3;netgazernine-Raynor-0-1;peachy-Zeratul-0-2;tylord-Lt. Morales-0-1;Yunalesca-Stitches-1-6,3,4
235,2015-11-27_Sky Temple_Asphyxiate-Valla-1-3;Crushofwurms-Uther-1-3;HoundDog-Muradin-1-2;Lamb3rt-Cho-0-5;mercy-Jaina-0-8;peachy-Li Li-0-2;Ryoukan-Murky-1-0;Samurai-Gall-0-5;Veilas-Jaina-1-2;Vinyl-Abathur-0-1,0,0
236,2015-11-27_Sky Temple_Akeira-Kerrigan-1-0;BLKWZRD-E.T.C.-0-6;mercy-Tyrande-0-5;peachy-Thrall-0-3;penguinking6-Raynor-1-3;RyRyB-Stitches-1-2;Stunk-Abathur-0-2;TheDazzler-Uther-1-1;tylord-Lt. Morales-0-6;ViperActual-Nova-1-2,0,0
237,2015-11-27_Sky Temple_BLKWZRD-Muradin-0-3;C0llosi-Malfurion-1-8;CAD-Muradin-1-7;Jstringer-Gazlowe-1-5;Kandivya-Kerrigan-1-5;mercy-Lt. Morales-0-2;Mytarget-Murky-1-0;peachy-The Butcher-0-3;Phoenix-Raynor-0-2;tylord-Falstad-0-3,3,4
238,2015-11-28_Sky Temple_Aeonii-Tyrande-1-3;BLKWZRD-Diablo-1-7;Bohemienne-Johanna-0-2;ChanChan-Zagara-0-3;Evan-Cho-0-1;Evidicus-Uther-0-0;mercy-Lt. Morales-1-4;peachy-Valla-1-2;TheWacoKid-Gall-0-1;Valatos-Abathur-1-1,0,0
239,2015-11-29_Sky Temple_ChipBoop-Sylvanas-1-7;Edu-Muradin-1-6;hexifer-Tyrande-0-7;insideofyou-Raynor-0-3;JLo-Zeratul-1-5;KillboBagins-Lt. Morales-1-7;mercy-Artanis-0-7;MMx66-Jaina-1-6;peachy-Chen-0-5;tylord-Li Li-0-5,0,0
240,2015-11-29_Sky Temple_BLKWZRD-Chen-0-3;Bnetplayer-Diablo-1-4;mercy-Lt. Morales-0-1;MrGigg-Malfurion-1-3;Pain-Murky-1-0;peachy-Sylvanas-0-4;Phoenix-Thrall-0-1;Roxas-Rehgar-1-4;Super3dcow-Falstad-1-6;tylord-Raynor-0-1,3,4
241,2015-12-01_Sky Temple_Ambrosa-Kael'thas-0-5;April-Sgt. Hammer-0-10;BLKWZRD-E.T.C.-0-4;Darkbunny-Kharazim-1-3;Film-Rehgar-1-0;Hostility-Jaina-1-4;Justice-Zeratul-1-4;Kaziganthi-Uther-0-7;Migelon-Chen-1-1;peachy-Diablo-0-6,2,2
242,2015-12-01_Sky Temple_BLKWZRD-E.T.C.-1-2;GreenEggs-Raynor-0-4;Lidarok-Zagara-0-2;mercy-Lt. Morales-1-2;NeedYourJaw-Tyrande-1-0;Nucleus-Malfurion-0-2;peachy-The Butcher-1-5;Smith1212-Thrall-0-9;Tazmaa-Johanna-0-4;tylord-Illidan-1-5,0,0
243,2015-10-15_Tomb of the Spider Queen_BLKWZRD-E.T.C.-0-5;Bobiscus-Leoric-1-0;DonAguayo-Zagara-1-4;Gabish-Jaina-1-5;mercy-Uther-0-2;NeedYourJaw-Tyrande-0-3;netgazernine-Raynor-0-5;NightKnight-Nova-0-6;Peps-Nova-1-2;Zergenstine-Brightwing-1-1,0,0
244,2015-10-21_Tomb of the Spider Queen_BLKWZRD-Tassadar-0-2;Braxxis-Tychus-1-0;EuBot-Jaina-1-3;MazrimTaim-Stitches-1-4;mercy-Raynor-0-5;NightKnight-Artanis-0-5;oliveira-Kerrigan-0-2;Ruadhlaoch-Brightwing-1-2;Timekeeper-Artanis-1-1;tylord-Nazeebo-0-4,0,0
245,2015-10-22_Tomb of the Spider Queen_Apok-Sonya-1-1;BLKWZRD-Tyrande-0-3;Ksubi-Uther-1-0;lemonation-Jaina-1-1;MCbeefhammer-Stitches-1-2;mercy-Lt. Morales-0-3;NeedYourJaw-Raynor-0-4;NightKnight-Artanis-0-1;SirThnksAlot-Tychus-1-2;tylord-Kael'thas-0-6,0,0
246,2015-10-24_Tomb of the Spider Queen_bchim-Li Li-0-0;BLKWZRD-Murky-1-0;CoopaMonster-Tyrande-1-6;Hysteric-Sylvanas-0-2;KennyPowers-Tychus-0-1;KironX-Gazlowe-0-5;NightKnight-Li Li-1-3;Shadowj-Zeratul-1-5;TheBabyPunch-Chen-0-0;tylord-Leoric-1-0,0,0
247,2015-10-31_Tomb of the Spider Queen_Afrofire-Sylvanas-1-10;Aldas-Uther-0-9;BLKWZRD-Sgt. Hammer-0-4;Crestorprime-Artanis-1-10;Doomforged-Nova-1-10;Impulse-Murky-0-0;NightKnight-Tyrande-0-6;Shark-Tyrande-1-9;theSICone-Jaina-1-13;TrickyZerg-Kerrigan-0-8,1,1
248,2015-10-31_Tomb of the Spider Queen_AZNCAMPER-Tychus-1-1;BLKWZRD-Tyrande-0-7;DeathScythe-Murky-1-0;Indiana-Artanis-0-13;JohnMarshall-Uther-1-5;mercy-Zagara-0-6;NightKnight-Jaina-0-6;Opochtli-Abathur-0-0;tallymarks-Diablo-1-2;TFly-Raynor-1-4,0,0
249,2015-10-31_Tomb of the Spider Queen_Cripples-Artanis-0-1;Kothen-Kael'thas-0-1;liahona91-Nazeebo-0-1;Machiavelli-Sgt. Hammer-0-2;mercy-Kharazim-1-5;NightKnight-Artanis-1-2;Ryann-Illidan-1-6;Slayer-Li Li-1-2;Sparkythecat-Kharazim-0-0;STEWEGG-Nova-1-2,0,0
250,2015-10-31_Tomb of the Spider Queen_Jagno-Diablo-0-4;Marcelluss-Sonya-0-4;NightKnight-Tassadar-0-2;Player 10-Arthas-1-8;Player 6-Tyrande-1-6;Player 7-Sgt. Hammer-1-6;Player 8-Tyrael-1-4;Player 9-Kael'thas-1-6;Tegidin-Thrall-0-3;Vaxtar-Raynor-0-5,0,0
251,2015-11-02_Tomb of the Spider Queen_Drayus-Jaina-1-2;Gza-Uther-0-7;Kazasu-Kharazim-1-2;KrazyIvan-Leoric-1-0;NeedYourJaw-Raynor-0-2;NeoPieMaster-Sonya-1-4;NightKnight-Valla-0-5;Raze-Tychus-1-2;Rza-Artanis-0-6;Viduus-Johanna-0-6,0,0
252,2015-11-09_Tomb of the Spider Queen_BLKWZRD-Tyrael-0-1;Gandlor-Arthas-1-2;giantSIGHT-Sylvanas-1-2;Impaired-Stitches-1-2;mercy-Artanis-0-2;NeedYourJaw-Raynor-0-5;NightKnight-Abathur-0-1;RScott-Lt. Morales-1-3;SquelchyMop-Chen-1-4;tylord-Li Li-0-2,0,0
253,2015-11-12_Tomb of the Spider Queen_Cadastre-Sgt. Hammer-0-2;DonAguayo-Li Li-0-0;Gabish-Jaina-0-6;LoYaL2DaGaMe-Zagara-1-9;madachup-Sonya-1-4;netgazernine-Brightwing-1-2;peachy-Murky-1-0;Tine-Valla-0-1;toastman-Thrall-0-6;Victarion99-Muradin-1-4,0,0
254,0001-01-01__Artemis-Uther-0-0;Artos-Tyrael-0-4;BLKWZRD-Zagara-0-4;Golden-Raynor-1-0;KillAll-Gazlowe-1-0;negrodomice-Lt. Morales-1-0;netgazernine-Malfurion-0-1;peachy-Abathur-0-0;Whytefaing-Kael'thas-1-0;YokuneRuko-Chen-1-0,0,0
255,2015-11-14_Tomb of the Spider Queen_BLKWZRD-Johanna-0-2;Boris-Sonya-1-5;brofessor-Kharazim-1-4;Greg-Raynor-0-2;Joelotsen-Chen-1-3;nooglide-Azmodan-0-0;Ozyroth-Lt. Morales-0-2;peachy-Zeratul-0-0;Sajun-Abathur-1-1;WhySoSerioüs-Illidan-1-6,2,2
256,2015-11-15_Tomb of the Spider Queen_HyperBrain-Raynor-0-5;Lubacca-Kael'thas-1-6;MurlocSoup-Sonya-0-4;Nerylix-Uther-1-2;Nitin-E.T.C.-0-5;Notsid-Zagara-0-2;PaCoZolT-Malfurion-0-3;PargonPwrd-Sgt. Hammer-1-4;peachy-Leoric-1-0;Ravyn-Muradin-1-2,0,0
257,2015-11-16_Tomb of the Spider Queen_Aequitas-Nova-1-6;BLKWZRD-Muradin-0-1;Carissana-Nazeebo-1-6;Christamere-Valla-0-1;Darkness-Chen-1-2;Ghyss23-Lt. Morales-1-5;hashtagkappa-Thrall-1-8;NeedYourJaw-Lt. Morales-0-4;peachy-Illidan-0-2;Theox-Zeratul-0-2,2,2
258,2015-11-17_Tomb of the Spider Queen_Jewkano-Lt. Morales-1-3;mariah-Valla-1-4;mercy-Lt. Morales-0-0;netgazernine-Valla-0-1;o0o-Kerrigan-1-6;peachy-Artanis-0-2;SLacker101-Murky-0-0;tylord-Jaina-0-0;WhiskeyTango-Thrall-1-4;Yogurt-Leoric-1-0,2,3
259,2015-11-18_Tomb of the Spider Queen_Bnetplayer-Zeratul-0-1;crushred-Sgt. Hammer-1-4;Dovahkiin-Cho-0-0;Filthound-Zagara-0-3;LittleLizzy-Gall-1-6;peachy-Abathur-1-2;shamisen-Gall-0-0;spicysauce-Raynor-0-2;SyncErr0r-Raynor-1-8;Tails-Cho-1-6,0,0
260,2015-11-19_Tomb of the Spider Queen_Akriel-Cho-1-2;BLKWZRD-Kharazim-1-2;dankyolos-Gall-1-2;Jay-Kharazim-0-4;Karl-Raynor-1-4;Kevin-Diablo-0-5;Lawlodar-Gall-0-3;moonblaze-Li Li-0-3;peachy-Tyrael-1-2;Swampage-Cho-0-3,2,2
261,2015-11-23_Tomb of the Spider Queen_BLKWZRD-Leoric-1-0;Craikiller-Cho-0-2;Elotio-Zagara-0-1;Kazistrasz-The Butcher-1-7;Meaculpas-Diablo-1-11;mercy-Zagara-1-3;MyssTickle-Tychus-0-3;neonmustache-Gall-0-2;peachy-Azmodan-1-5;Zergiel-Diablo-0-4,0,0
262,2015-11-25_Tomb of the Spider Queen_abysz-Uther-0-4;BLKWZRD-Muradin-0-3;Copperface-The Butcher-1-8;IronKnightIV-Jaina-1-5;peachy-Li Li-0-2;Suyung-Sylvanas-0-4;tylord-Valla-0-4;Wheatlyman67-Falstad-1-4;Yin-Malfurion-1-3;Zenth-Stitches-1-3,2,3
263,2015-11-27_Tomb of the Spider Queen_ale-Illidan-0-1;BLKWZRD-Tassadar-1-6;DCFC153-Kharazim-1-7;Decoherence-Rexxar-1-6;Drench-Tassadar-0-2;goldentime-Abathur-0-0;Jesusdrj150-Tyrael-0-0;NEMESIS-Gazlowe-1-9;peachy-Murky-1-0;willsy-Tychus-0-4,0,0
264,2015-11-27_Tomb of the Spider Queen_aLost-Tassadar-0-1;BLKWZRD-Tassadar-1-1;Boneslayer-Abathur-0-1;casmuffin-Sylvanas-1-3;Freedbird-Zagara-1-4;Freedmandoo-Rexxar-1-2;Jdakk-Anub'arak-0-2;Lindenmann-Kharazim-0-3;peachy-Thrall-1-3;Vexnaught-Jaina-0-3,2,2
265,2015-11-27_Tomb of the Spider Queen_BLKWZRD-Muradin-1-1;Libralesso-Nazeebo-0-2;mercy-Kharazim-1-2;MilkMan-Nazeebo-1-2;peachy-Falstad-1-5;Platonic-Zagara-0-2;SuperWhalrus-The Butcher-0-4;tylord-The Butcher-1-6;Whalrusman-Tyrande-0-1;WonderWalrus-E.T.C.-0-2,0,0
266,2015-11-28_Tomb of the Spider Queen_BLKWZRD-Diablo-1-6;Bohemienne-Johanna-1-5;Evidicus-Uther-1-2;FuryDragon81-Zeratul-0-5;kryptonics-Sylvanas-1-8;Morwarlock-Artanis-0-4;NotoriousBOB-Kael'thas-0-3;peachy-Tyrande-1-2;penetreitor-Tassadar-0-1;Vandrel-Li Li-0-2,0,0
267,2015-11-28_Tomb of the Spider Queen_Asphyxiate-Gall-1-1;BLKWZRD-E.T.C.-0-5;CrazyMage-Diablo-1-5;DullCash-Cho-1-1;HoundDog-Lt. Morales-1-4;knightbringr-Falstad-1-0;mercy-Malfurion-0-3;Paragon-Diablo-0-5;peachy-Kael'thas-0-2;Phoenix-Raynor-0-2,0,0
268,2015-11-29_Tomb of the Spider Queen_BLKWZRD-Chen-0-0;Deepwood-Artanis-1-3;Footlong-Nazeebo-1-4;Hexblade6950-E.T.C.-1-5;mercy-Lt. Morales-0-0;peachy-Sylvanas-0-3;Phoenix-Thrall-0-1;Taylored-Falstad-1-4;tylord-Raynor-0-2;Warcitos-Lt. Morales-1-6,3,4
269,2015-11-30_Tomb of the Spider Queen_Alfonze-Gall-0-1;BLKWZRD-Muradin-1-4;harryrichard-The Butcher-0-4;mercy-Lt. Morales-1-3;peachy-Kerrigan-1-4;Ragnnar-Cho-0-1;SneakySapt-Thrall-1-4;Spaceman-Valla-0-1;TornAsunder-Uther-0-2;tylord-Falstad-1-5,0,0
270,2015-11-30_Towers of Doom_betookz-Valla-1-7;BLKWZRD-Illidan-0-3;J0ker-Zagara-1-8;Kox-Tyrael-1-5;mercy-Malfurion-0-4;peachy-Diablo-0-5;ruben-Nazeebo-0-3;TrNsH-Li Li-1-10;tylord-E.T.C.-0-4;Xiao-Zeratul-1-5,3,4
271,2015-12-02_Towers of Doom_BLKWZRD-Artanis-0-1;Ktepps-Tassadar-0-2;Mehndarehi-Muradin-0-1;NightKnight-Nova-1-5;OmegaSeph-Li Li-1-5;peachy-Zagara-0-0;PlayfulKit-Illidan-1-9;QUASAR-Artanis-1-6;RavenZero-Muradin-1-1;tylord-Jaina-0-1,2,3
272,2015-11-25_Towers of Doom_BLKWZRD-Muradin-0-3;DirtyNaise-Diablo-1-8;IVs-Kharazim-1-6;Jarrod-Tassadar-1-7;Luciferous-Tychus-0-6;mercy-Lt. Morales-0-5;peachy-Zeratul-0-5;Shambulance-Arthas-1-5;tatter-Nazeebo-1-6;tylord-Illidan-0-2,3,4
273,2015-11-27_Towers of Doom_BLKWZRD-E.T.C.-0-2;closer-E.T.C.-1-0;Draa-Valla-1-1;guanO-Cho-1-0;JCDesktop-Li Li-1-0;Kelsiferous-Gall-1-0;mercy-Lt. Morales-0-7;Pain-Sylvanas-0-6;peachy-The Butcher-0-5;tylord-Muradin-0-3,0,0
274,2015-11-27_Towers of Doom_BLKWZRD-Muradin-0-1;Drmb-Malfurion-1-4;itsmurda-Cho-1-5;mercy-Kharazim-0-1;Order0fChaos-Lt. Morales-0-1;Palaces-Kael'thas-1-6;peachy-The Butcher-0-5;Phailed-Jaina-1-6;Shivan-Gall-1-5;tylord-Falstad-0-1,3,4
275,2015-11-27_Towers of Doom_BLKWZRD-Muradin-1-0;mercy-Lt. Morales-1-0;Murloc-Leoric-0-0;peachy-The Butcher-1-1;redkadin-Tassadar-0-5;Rycan-Azmodan-0-2;smelychimpy-Falstad-0-7;SwagPants-Abathur-0-3;tylord-Falstad-1-1;Wnt-Nova-1-0,3,4
276,2015-11-28_Towers of Doom_Alexosaurus-Jaina-0-6;BLKWZRD-Brightwing-0-6;Ek9Typo-Kerrigan-1-4;frzhrt834-The Lost Vikings-0-0;GeeOff-Stitches-0-5;ITXLI-The Butcher-1-5;NotoriousBOB-Kael'thas-1-2;peachy-Tychus-0-4;Siphy-Murky-1-0;Vandrel-Li Li-1-2,0,0
277,2015-11-28_Towers of Doom_AVIMKV-Gall-1-3;BLKWZRD-Zeratul-1-8;funkdaddyden-Cho-1-3;mercy-Malfurion-1-4;Moglyzok-Artanis-0-2;Nuktuk-Diablo-0-6;peachy-Diablo-1-7;RamsaySnow-Kharazim-0-6;wobble-Valla-0-8;Wyrmtooth-Nazeebo-0-2,0,0
278,2015-11-29_Towers of Doom_Airix-Sgt. Hammer-0-5;BattlePants-Sylvanas-1-6;BLKWZRD-Chen-0-6;mercy-Kharazim-0-4;Odemia-Raynor-1-6;peachy-Nova-0-2;Phoenix-Thrall-0-5;Sigma-Uther-1-1;VanGr00t-E.T.C.-1-6;Xeleth-Sgt. Hammer-1-8,0,0
279,2015-11-30_Towers of Doom_andre-Nova-1-0;BLKWZRD-Muradin-0-4;FRITZDRAGON-Arthas-1-2;Juanmadden-Sgt. Hammer-1-1;mercy-Lt. Morales-0-2;Moon-Malfurion-1-1;peachy-Raynor-0-7;PraetorFenix-Nazeebo-0-5;tylord-The Butcher-0-5;Wrecker-Kael'thas-1-1,0,0
280,2015-11-25_Towers of Doom_BLKWZRD-Tyrael-1-4;Check-Brightwing-0-2;Cisneros-Nova-0-0;IceQueen-Jaina-0-2;MedlinPrime-Cho-1-6;Mochi-Gall-1-6;Mourningstar-Tyrande-0-2;peachy-Kharazim-1-4;WEEZmatic-Artanis-0-2;Zaynty-Sylvanas-1-11,0,0
281,2015-11-14_Blackheart's Bay_court-Raynor-0-2;CrazySnorlax-E.T.C.-0-4;Frozenknight-Valla-1-7;jigsaw-Lt. Morales-1-1;Justice-Sylvanas-1-7;mercy-Uther-0-1;Sagez-Thrall-0-3;Salvador-Diablo-1-6;segfault-Nazeebo-1-4;tkepongo-Jaina-0-5,1,1
282,2015-11-14_Dragon Shire_Bartilbee-Stitches-1-3;DrNiquoSalty-Valla-1-5;Hammy-Johanna-0-3;hibiki-Zagara-0-4;Kaco-Gazlowe-1-7;Knolan-Tyrael-1-4;mercy-Uther-0-1;SpaceWarrior-Muradin-0-1;WhoDatNinja-Malfurion-1-1;wolf-Raynor-0-2,1,1
283,2015-12-03_Garden of Terror_Auburn-Kerrigan-1-4;Jinomaro-Leoric-1-0;mercy-Lt. Morales-0-3;NeedYourJaw-Muradin-0-5;netgazernine-Raynor-0-4;Ninja-Kharazim-1-5;peachy-Thrall-0-4;SkyEvoZ-Sylvanas-1-1;tylord-Kael'thas-0-8;Uee-Nova-1-2,0,0
284,2015-11-14_Haunted Mines_BLKWZRD-Kharazim-0-4;christhian-Falstad-1-6;Disco-Valla-1-2;Gandara-E.T.C.-1-2;Genseric-The Lost Vikings-1-0;mercy-Tyrael-0-2;NeedYourJaw-Sonya-0-5;Octorock-Tassadar-0-4;powerandawe-Sgt. Hammer-0-8;Zethael-Tyrande-1-2,0,0
285,0001-01-01__Academician-Jaina-1-0;Asemboler-Sgt. Hammer-1-0;BLKWZRD-Tassadar-0-2;Dumbfinger-Raynor-1-0;Erzerys-Johanna-1-0;InfinitePi-Li Li-1-0;mercy-Murky-0-0;NeedYourJaw-Leoric-0-0;netgazernine-Brightwing-0-3;peachy-Abathur-0-0,0,0
286,2015-12-03_Sky Temple_Eli-Tassadar-0-3;Guardian-Gall-0-3;mercy-Kael'thas-1-3;NeedYourJaw-Gall-1-2;netgazernine-Nazeebo-1-3;Picardian-Thrall-0-5;TastyMeaty-Cho-1-2;tylord-Lt. Morales-1-5;Utor-Cho-0-3;Zealøt-Nova-0-4,0,0
287,2015-11-29_Towers of Doom_Hammer-Raynor-1-3;hyperde-Brightwing-1-2;Jincia-Nazeebo-1-3;Marl04-Raynor-0-4;mercy-Artanis-0-3;pill0ws-Thrall-0-4;simurdiera-Sylvanas-0-8;SoGxAce-Tyrael-1-3;tylord-Kharazim-0-7;whiteRangeR-Tychus-1-5,0,0
288,2015-11-13_Battlefield of Eternity_Ancalagon-Artanis-1-9;BLKWZRD-Murky-0-0;Darkfot-Nova-0-4;dirtysock-Sgt. Hammer-1-6;Jagerz-Lt. Morales-0-2;MadStratgist-Tyrande-0-8;NeedYourJaw-Artanis-0-7;Nevulti-Lt. Morales-1-4;Nitrusbrio-Jaina-1-6;Stan-Muradin-1-4,0,0
289,2015-11-24_Cursed Hollow_Bakedp0tat0-Gall-0-7;BLKWZRD-Muradin-1-5;CaptAutismo-Uther-0-9;Chryis-Nova-1-2;H12345aw6-Cho-0-7;NeedYourJaw-Anub'arak-1-1;Nightkiller-Li Li-1-1;Nothing05-Nova-0-1;Pollend-Valla-1-2;tisdadd-The Lost Vikings-0-0,1,1
290,2015-11-13_Dragon Shire_Amers915-Valla-0-9;BigTom-Tyrael-1-3;BLKWZRD-Azmodan-0-3;ChrisP0w-Valla-1-4;Dwellroth-Illidan-1-0;JoshuaEast-Li Li-1-2;MrMartin-Sgt. Hammer-1-5;NeedYourJaw-Sonya-0-5;netgazernine-Brightwing-0-2;Pyrovan-Tyrael-0-8,0,0
291,2015-12-01_Dragon Shire_Archerist-Cho-1-5;BLKWZRD-Zeratul-0-5;Darwaa-Sonya-0-10;FouLou-Abathur-1-0;ludakuss-Gall-1-5;NeedYourJaw-Jaina-0-7;SNAPTAPUCK-Falstad-0-6;Sooby-Leoric-1-0;Styles-The Lost Vikings-0-0;Whowas-Zagara-1-5,0,0
292,2015-11-12_Garden of Terror_BatulCat-Chen-1-2;BLKWZRD-Lt. Morales-0-5;KrOniCNG-Valla-0-5;Kueck-Tyrande-1-3;llMrRyuujill-Lt. Morales-1-3;madachup-Sonya-0-4;Pantsless-Artanis-0-9;Tempest-Thrall-1-3;Värneth-Nazeebo-1-2;Winterfrost-Stitches-0-4,0,0
293,2015-11-13_Garden of Terror_Atari-Zeratul-1-3;baddadgamer-Raynor-1-11;BLKWZRD-Sgt. Hammer-1-3;Daruluna-Nova-0-6;Evangelinaz-Kael'thas-0-8;Lazorshake-Chen-0-7;Meximart-Stitches-0-7;Phantom0576-Illidan-0-8;synch-Valla-1-3;Unheimlich-Abathur-1-1,1,1
294,2015-12-04_Garden of Terror_Azrael-Valla-0-5;BLKWZRD-Diablo-1-5;BulleBocal-Johanna-1-3;Dingo-Tassadar-0-2;Embedded93-Illidan-0-6;Necromurloc-Tassadar-1-0;NeedYourJaw-Kharazim-1-1;SoggyPork-Sonya-0-4;thelude007-Raynor-1-3;Vimmy-Kerrigan-0-5,1,1
295,2015-11-13_Haunted Mines_BLKWZRD-Illidan-1-0;JayBro-Diablo-0-7;Johnadus-The Lost Vikings-0-0;Larkus-Muradin-1-2;Lyrik-Chen-0-5;NeedYourJaw-Lt. Morales-1-1;Sanat-Lt. Morales-0-8;smd-Raynor-1-0;Tologna-Tassadar-0-2;Zimgruk-Kharazim-1-3,1,1
296,2015-11-13_Infernal Shrines_BLKWZRD-Illidan-0-11;DikWaad-Leoric-0-0;irobot-Lt. Morales-1-1;LASTGAMER-Nova-0-8;Lilmage-Nazeebo-1-3;Logick-Valla-1-5;Mythrodos-Artanis-1-3;NeedYourJaw-Lt. Morales-0-5;nihm-Murky-1-0;Willy7o2-Zeratul-0-6,0,0
297,2015-11-13_Infernal Shrines_Arisar-Lt. Morales-1-6;BLKWZRD-Abathur-0-3;Harfax-Nova-1-2;KingCole-Artanis-1-5;Kraid-Lt. Morales-0-2;Metafire-Zagara-1-2;NeedYourJaw-Sonya-0-5;netgazernine-Brightwing-0-1;Papoman-Nazeebo-0-5;Plort-Kael'thas-1-8,1,1
298,2015-12-02_Infernal Shrines_AVAGAX-Chen-0-6;BLKWZRD-Artanis-1-4;fearthesmile-Valla-0-8;Ghostdore-Kharazim-0-6;Grapegifter-Lt. Morales-1-2;Internetzorz-Nazeebo-1-3;Ivancer-Sylvanas-0-5;Railz-Raynor-1-6;Sapphire-Rexxar-1-4;SgtLee321-Malfurion-0-4,1,1
299,2015-11-24_Sky Temple_Asmodee-Kael'thas-0-3;Bamf-Valla-1-3;BLKWZRD-Muradin-0-2;Burticus-Cho-1-8;GodlyBenji-Zagara-0-2;Ignignokt-Artanis-1-7;Marvin-Gall-1-8;NeedYourJaw-Diablo-0-7;Radiculous-Johanna-0-3;ZombieJesus-Diablo-1-8,1,1
,,250,314
,,0.836120401,1.050167224
